address,zip_code,price,sell_date,sell_type,price_per_sq_m,no_rooms,housing_type,size_in_sq_m,year_of_construction,price_change_in_pct,zip_code_num,long,lat
"Pantheonsgade 8, 3. TH",5000 Odense C,2150000,2015-12-28,Alm. Salg,17622.0,4.0,Lejlighed,122.0,1898.0,-2.0,5000,10.380298,55.395047
Bangs Boder 15,5000 Odense C,4200000,2015-12-28,Alm. Salg,28767.0,6.0,Rækkehus,146.0,1765.0,0.0,5000,10.391181,55.3983
"Skibhusvej 171, 1. TV",5000 Odense C,1550000,2015-12-26,Alm. Salg,16489.0,3.0,Lejlighed,94.0,1939.0,0.0,5000,10.396363,55.413615
Primulavej 14,5000 Odense C,1500000,2015-12-23,Alm. Salg,12500.0,5.0,Villa,120.0,1954.0,-6.0,5000,10.406655,55.413541
Christen Kolds Vej 1,5000 Odense C,2800000,2015-12-22,Alm. Salg,18064.0,5.0,Rækkehus,155.0,1919.0,-7.0,5000,10.361366,55.39857
"Åløkkehaven 58, ST. TH",5000 Odense C,1065000,2015-12-22,Alm. Salg,16136.0,2.0,Lejlighed,66.0,1939.0,0.0,5000,10.37249,55.404683
"Drewsensvej 22, 1. TH",5000 Odense C,1060000,2015-12-22,Alm. Salg,14722.0,2.0,Lejlighed,72.0,1936.0,0.0,5000,10.401643,55.393043
"Roersvej 11, ST. TV",5000 Odense C,1395000,2015-12-22,Alm. Salg,18851.0,3.0,Lejlighed,74.0,1902.0,0.0,5000,10.372748,55.39368
"Absalonsgade 34, 1",5000 Odense C,1275000,2015-12-21,Alm. Salg,17000.0,2.0,Lejlighed,75.0,1892.0,0.0,5000,10.39266,55.391521
"Gyldenløvesgade 13, 2. TH",5000 Odense C,1080000,2015-12-18,Alm. Salg,18000.0,2.0,Lejlighed,60.0,1936.0,0.0,5000,10.405084,55.393096
Lind Hansens Vej 27,5000 Odense C,2700000,2015-12-18,Alm. Salg,15254.0,7.0,Villa,177.0,2008.0,-3.0,5000,10.417421,55.425159
"Ørstedsgade 5, ST. TV",5000 Odense C,1945000,2015-12-16,Alm. Salg,19646.0,3.0,Lejlighed,99.0,2008.0,-3.0,5000,10.373485,55.398352
"Thuresensgade 8, 1. TH",5000 Odense C,1100000,2015-12-16,Alm. Salg,19298.0,2.0,Lejlighed,57.0,1939.0,-2.0,5000,10.406484,55.392908
Lumbyvej 43,5000 Odense C,1300000,2015-12-16,Fam. Salg,11504.0,4.0,Villa,113.0,1931.0,0.0,5000,10.3723,55.418324
Ingeborgvej 19,5000 Odense C,1925000,2015-12-16,Alm. Salg,19250.0,4.0,Villa,100.0,1936.0,-4.0,5000,10.403215,55.416936
"Baumgartensvej 31, ST. TV",5000 Odense C,2268752,2015-12-14,Fam. Salg,19901.0,5.0,Rækkehus,114.0,1925.0,0.0,5000,10.390656,55.410878
Tesdorpfsvej 24,5000 Odense C,1428968,2015-12-14,Andet,9787.0,6.0,Villa,146.0,1933.0,0.0,5000,10.399793,55.388478
Kochsgade 114,5000 Odense C,1470000,2015-12-14,Alm. Salg,12672.0,5.0,Villa,116.0,1953.0,-8.0,5000,10.407,55.409875
Lahnsgade 74,5000 Odense C,5345000,2015-12-13,Alm. Salg,29860.0,7.0,Villa,179.0,1916.0,0.0,5000,10.384565,55.388433
"Nyborgvej 18, ST. MF",5000 Odense C,790000,2015-12-12,Alm. Salg,12153.0,1.0,Lejlighed,65.0,1857.0,-4.0,5000,10.402313,55.394507
"Frederiksgade 24, 3. TV",5000 Odense C,1175000,2015-12-10,Alm. Salg,17028.0,2.0,Lejlighed,69.0,1937.0,-6.0,5000,10.398373,55.395949
Døckerslundsvej 85B,5000 Odense C,2010000,2015-12-10,Alm. Salg,13581.0,5.0,Villa,148.0,1956.0,-4.0,5000,10.405265,55.411707
"Gyldenløvesgade 18, 2. TH",5000 Odense C,1160000,2015-12-09,Alm. Salg,19661.0,2.0,Lejlighed,59.0,1937.0,1.0,5000,10.405128,55.392691
"Rugårdsvej 11, 1. TH",5000 Odense C,1110000,2015-12-08,Alm. Salg,16323.0,2.0,Lejlighed,68.0,1935.0,-1.0,5000,10.374499,55.399339
"Thorsgade 67, ST. TV",5000 Odense C,865000,2015-12-08,Alm. Salg,18404.0,1.0,Lejlighed,47.0,1880.0,-8.0,5000,10.374977,55.395108
"Drewsensvej 29, 3. TV",5000 Odense C,1395000,2015-12-08,Alm. Salg,17437.0,3.0,Lejlighed,80.0,1934.0,0.0,5000,10.402124,55.392592
"Hans Tausens Gade 7, 3",5000 Odense C,2000000,2015-12-07,Alm. Salg,19417.0,4.0,Lejlighed,103.0,1900.0,-5.0,5000,10.382621,55.398595
"Heltzensgade 12, ST. TH",5000 Odense C,1450000,2015-12-07,Fam. Salg,17261.0,3.0,Lejlighed,84.0,1919.0,0.0,5000,10.395654,55.404797
"Skibhusvej 61B, 1. TV",5000 Odense C,1420000,2015-12-07,Alm. Salg,15955.0,3.0,Lejlighed,89.0,1933.0,0.0,5000,10.393332,55.406935
Christiansgade 54,5000 Odense C,4300000,2015-12-07,Alm. Salg,29452.0,5.0,Villa,146.0,1933.0,-4.0,5000,10.403416,55.397193
"Kongensgade 69E, 1. TV",5000 Odense C,3625000,2015-12-07,Alm. Salg,25528.0,3.0,Lejlighed,142.0,2009.0,0.0,5000,10.379933,55.398675
Nyborgvej 75,5000 Odense C,775000,2015-12-07,Alm. Salg,7242.0,6.0,Villa,107.0,1864.0,-22.0,5000,10.40912,55.393791
"Dronningensgade 20A, 2. TH",5000 Odense C,1610000,2015-12-04,Fam. Salg,17127.0,2.0,Lejlighed,94.0,1895.0,0.0,5000,10.376552,55.397009
"Christiansgade 79, 1. TH",5000 Odense C,1090000,2015-12-03,Alm. Salg,18474.0,2.0,Lejlighed,59.0,1937.0,-3.0,5000,10.406808,55.395886
"Kochsgade 6, 1. TV",5000 Odense C,1260000,2015-12-02,Alm. Salg,16153.0,2.0,Lejlighed,78.0,1933.0,-3.0,5000,10.392025,55.402685
Sandhusvej 17,5000 Odense C,552500,2015-12-01,Andet,5022.0,3.0,Villa,110.0,1925.0,0.0,5000,10.404196,55.417816
"Læssøegade 18, 3. TH",5000 Odense C,5125000,2015-12-01,Alm. Salg,20337.0,7.0,Lejlighed,252.0,1896.0,-7.0,5000,10.387338,55.389383
Christiansgade 70B,5000 Odense C,4000000,2015-12-01,Alm. Salg,27397.0,5.0,Rækkehus,146.0,1936.0,0.0,5000,10.404906,55.396695
Vesterbro 68,5000 Odense C,1300000,2015-11-30,Alm. Salg,13978.0,2.0,Rækkehus,93.0,1857.0,-7.0,5000,10.375071,55.393968
"Billesgade 15, 1",5000 Odense C,1370000,2015-11-30,Alm. Salg,17792.0,3.0,Lejlighed,77.0,1918.0,-2.0,5000,10.396335,55.406035
"Englandsgade 16, ST. TV",5000 Odense C,2745000,2015-11-29,Alm. Salg,21785.0,3.0,Lejlighed,126.0,2005.0,-8.0,5000,10.38229,55.408232
"H.C. Andersens Gade 27, KL",5000 Odense C,1425000,2015-11-26,Alm. Salg,20955.0,2.0,Lejlighed,68.0,1893.0,-5.0,5000,10.391919,55.389855
Thorsgade 46,5000 Odense C,1350000,2015-11-25,Alm. Salg,10000.0,6.0,Rækkehus,135.0,1877.0,-32.0,5000,10.375995,55.395404
"Unsgaardsgade 6, ST",5000 Odense C,1345000,2015-11-25,Alm. Salg,17243.0,3.0,Lejlighed,78.0,1919.0,0.0,5000,10.398568,55.405156
"Hjallesevej 11, 1",5000 Odense C,1050000,2015-11-25,Alm. Salg,15909.0,2.0,Lejlighed,66.0,1884.0,-4.0,5000,10.396717,55.391515
"Hjallesevej 17, 2",5000 Odense C,475000,2015-11-25,Alm. Salg,10106.0,1.0,Lejlighed,47.0,1880.0,0.0,5000,10.396641,55.391284
"Nedergade 40, 1. TH",5000 Odense C,1200000,2015-11-25,Alm. Salg,18181.0,2.0,Lejlighed,66.0,1849.0,-4.0,5000,10.395562,55.397209
Monbergsvej 1,5000 Odense C,1850000,2015-11-25,Alm. Salg,15811.0,5.0,Villa,117.0,1907.0,-7.0,5000,10.398941,55.415983
"Store Glasvej 51, 1. TH",5000 Odense C,1040000,2015-11-23,Alm. Salg,16507.0,2.0,Lejlighed,63.0,1935.0,-5.0,5000,10.367614,55.398284
Carl Lunds Vej 5,5000 Odense C,1835000,2015-11-23,Alm. Salg,14798.0,4.0,Villa,124.0,1925.0,-8.0,5000,10.399737,55.413077
"Læssøegade 4, 1. TV",5000 Odense C,2600000,2015-11-23,Alm. Salg,18840.0,5.0,Lejlighed,138.0,1907.0,-4.0,5000,10.38792,55.390508
"Frue Kirkestræde 7, 2",5000 Odense C,775000,2015-11-18,Alm. Salg,13362.0,4.0,Lejlighed,58.0,1893.0,-13.0,5000,10.394794,55.397468
"Rødegårdsvej 47, 2. TV",5000 Odense C,1160000,2015-11-17,Alm. Salg,18412.0,2.0,Lejlighed,63.0,1936.0,1.0,5000,10.404445,55.392483
Vinkældervej 22D,5000 Odense C,1200000,2015-11-17,Alm. Salg,10344.0,4.0,Rækkehus,116.0,1966.0,-14.0,5000,10.410731,55.407816
"Grønlandsgade 27, 2",5000 Odense C,950000,2015-11-17,Alm. Salg,17592.0,3.0,Lejlighed,54.0,1923.0,-5.0,5000,10.403658,55.400205
"Nyborgvej 1E, 1. TV",5000 Odense C,910000,2015-11-16,Alm. Salg,20222.0,2.0,Lejlighed,45.0,1988.0,-4.0,5000,10.401675,55.394091
Victoriagade 26,5000 Odense C,2950000,2015-11-16,Alm. Salg,10573.0,7.0,Villa,279.0,1925.0,-2.0,5000,10.391462,55.413225
"Sdr. Boulevard 254, 2. TV",5000 Odense C,835000,2015-11-13,Alm. Salg,17395.0,2.0,Lejlighed,48.0,1916.0,0.0,5000,10.37157,55.380929
Damhusvej 65,5000 Odense C,1500000,2015-11-13,Alm. Salg,14705.0,3.0,Rækkehus,102.0,1902.0,-6.0,5000,10.400348,55.407644
"Hunderupvej 32, 3",5000 Odense C,1998000,2015-11-12,Alm. Salg,18330.0,5.0,Lejlighed,109.0,1902.0,-5.0,5000,10.389121,55.390247
Kanalvej 90,5000 Odense C,2565000,2015-11-12,Alm. Salg,16764.0,7.0,Villa,153.0,1904.0,0.0,5000,10.378029,55.414572
Christen Kolds Vej 12,5000 Odense C,2400000,2015-11-11,Alm. Salg,16901.0,6.0,Villa,142.0,1922.0,-11.0,5000,10.359677,55.399105
Christiansgade 46A,5000 Odense C,4507500,2015-11-11,Alm. Salg,27824.0,6.0,Villa,162.0,1951.0,-2.0,5000,10.402379,55.397554
Sdr. Boulevard 48,5000 Odense C,1000000,2015-11-11,Alm. Salg,9090.0,3.0,Rækkehus,110.0,1883.0,0.0,5000,10.378018,55.389917
"Kongensgade 69E, 2. TV",5000 Odense C,3575000,2015-11-11,Alm. Salg,25176.0,3.0,Lejlighed,142.0,2009.0,0.0,5000,10.379933,55.398675
"Hunderupvej 68, 1",5000 Odense C,2800000,2015-11-11,Alm. Salg,32558.0,2.0,Lejlighed,86.0,1894.0,0.0,5000,10.389318,55.387362
"Schacksgade 21, 3. TV",5000 Odense C,450000,2015-11-10,Alm. Salg,6338.0,3.0,Lejlighed,71.0,1939.0,0.0,5000,10.408425,55.393158
"Nørrevænget 35, ST",5000 Odense C,1445000,2015-11-10,Alm. Salg,13504.0,4.0,Lejlighed,107.0,1913.0,-3.0,5000,10.391677,55.407786
"Promenadebyen 6, 1. TV",5000 Odense C,3250000,2015-11-10,Alm. Salg,22569.0,3.0,Lejlighed,144.0,2009.0,-4.0,5000,10.380246,55.406765
Hørdumsgade 43A,5000 Odense C,2825000,2015-11-10,Alm. Salg,18464.0,4.0,Villa,153.0,1928.0,-6.0,5000,10.389519,55.41035
Kochsgade 143,5000 Odense C,1260000,2015-11-09,Alm. Salg,14823.0,3.0,Villa,85.0,1959.0,-3.0,5000,10.41094,55.411656
"Allégade 46, ST",5000 Odense C,2250000,2015-11-06,Alm. Salg,25000.0,3.0,Lejlighed,90.0,1882.0,-4.0,5000,10.392231,55.391048
"Skibhusvej 22, ST",5000 Odense C,1295000,2015-11-05,Alm. Salg,17986.0,2.0,Lejlighed,72.0,1900.0,0.0,5000,10.39102,55.403083
"Dronningensgade 2B, 1. MF",5000 Odense C,1470000,2015-11-05,Alm. Salg,17500.0,3.0,Lejlighed,84.0,1916.0,-2.0,5000,10.379147,55.39796
"Ny Vestergade 21, 4",5000 Odense C,2700000,2015-11-05,Alm. Salg,23275.0,3.0,Lejlighed,116.0,1893.0,0.0,5000,10.381011,55.392678
"Rødegårdsvej 61, 2. TV",5000 Odense C,1020000,2015-11-05,Alm. Salg,15937.0,2.0,Lejlighed,64.0,1938.0,0.0,5000,10.405537,55.392222
Johannevej 47,5000 Odense C,3025000,2015-11-05,Alm. Salg,22407.0,4.0,Villa,135.0,1929.0,-2.0,5000,10.362236,55.403451
"Henriettevej 14, 2. TV",5000 Odense C,1165000,2015-11-03,Alm. Salg,16180.0,2.0,Lejlighed,72.0,1936.0,0.0,5000,10.394532,55.407135
"Jagtvej 55, 3. TH",5000 Odense C,1800000,2015-11-02,Alm. Salg,16071.0,3.0,Lejlighed,112.0,1927.0,0.0,5000,10.386153,55.38952
Døckerslundsvej 176,5000 Odense C,1500000,2015-10-31,Alm. Salg,11811.0,5.0,Villa,127.0,1969.0,-6.0,5000,10.420669,55.411377
Nørrevoldgade 18,5000 Odense C,1820000,2015-10-31,Alm. Salg,14218.0,6.0,Rækkehus,128.0,1911.0,-9.0,5000,10.387917,55.408978
"Rugårdsvej 116, ST. TH",5000 Odense C,759000,2015-10-30,Alm. Salg,12047.0,2.0,Lejlighed,63.0,1936.0,-5.0,5000,10.356648,55.401358
"Hjallesevej 53B, 2",5000 Odense C,2245000,2015-10-30,Alm. Salg,19692.0,3.0,Lejlighed,114.0,1898.0,0.0,5000,10.395821,55.388246
"Nansensgade 19, ST. TV",5000 Odense C,1000000,2015-10-30,Alm. Salg,16666.0,2.0,Lejlighed,60.0,1938.0,0.0,5000,10.409488,55.392134
Nyborgvej 70,5000 Odense C,2850000,2015-10-30,Alm. Salg,15489.0,8.0,Rækkehus,184.0,1900.0,-5.0,5000,10.40757,55.394144
Promenadebyen 20,5000 Odense C,13970872,2015-10-30,Alm. Salg,225336.0,2.0,Lejlighed,62.0,2016.0,0.0,5000,10.379152,55.40668
"Promenadebyen 30, 1. 7",5000 Odense C,1995000,2015-10-30,Alm. Salg,24329.0,3.0,Lejlighed,82.0,2016.0,0.0,5000,10.379098,55.406849
Carl Lunds Vej 38B,5000 Odense C,2135000,2015-10-30,Alm. Salg,20141.0,4.0,Rækkehus,106.0,2015.0,0.0,5000,10.401176,55.417431
"Godthåbsgade 53, 1",5000 Odense C,1995000,2015-10-30,Alm. Salg,21223.0,3.0,Lejlighed,94.0,1912.0,0.0,5000,10.393212,55.388597
"Promenadebyen 30, 4. 4",5000 Odense C,1645000,2015-10-29,Alm. Salg,26532.0,2.0,Lejlighed,62.0,2016.0,0.0,5000,10.379098,55.406849
"Promenadebyen 30, 4. 3",5000 Odense C,1495000,2015-10-29,Alm. Salg,24112.0,2.0,Lejlighed,62.0,2016.0,0.0,5000,10.379098,55.406849
Albanigade 41B,5000 Odense C,1807500,2015-10-28,Alm. Salg,13388.0,5.0,Lejlighed,135.0,1877.0,0.0,5000,10.395806,55.392998
"Dronningensgade 20A, 2. TV",5000 Odense C,1260000,2015-10-28,Alm. Salg,15750.0,2.0,Lejlighed,80.0,1895.0,-10.0,5000,10.376552,55.397009
Enighedsvej 5,5000 Odense C,2730000,2015-10-28,Alm. Salg,22377.0,4.0,Villa,122.0,1912.0,0.0,5000,10.396895,55.408938
"Promenadebyen 30, 3. 3",5000 Odense C,1395000,2015-10-28,Alm. Salg,22500.0,2.0,Lejlighed,62.0,2016.0,0.0,5000,10.379098,55.406849
"Promenadebyen 30, 4. 2",5000 Odense C,1495000,2015-10-28,Alm. Salg,24112.0,2.0,Lejlighed,62.0,2016.0,0.0,5000,10.379098,55.406849
Egebæksvej 19,5000 Odense C,2330000,2015-10-27,Alm. Salg,18346.0,4.0,Villa,127.0,1933.0,-7.0,5000,10.392446,55.416168
"Drewsensvej 3, 1. TH",5000 Odense C,1325000,2015-10-26,Alm. Salg,18150.0,2.0,Lejlighed,73.0,1935.0,-5.0,5000,10.399911,55.393595
"Drewsensvej 9, 3. TH",5000 Odense C,1575000,2015-10-26,Alm. Salg,16935.0,3.0,Lejlighed,93.0,1935.0,-4.0,5000,10.400079,55.393243
"Bredstedgade 38, 2. 2",5000 Odense C,1225000,2015-10-23,Alm. Salg,19444.0,2.0,Lejlighed,63.0,1981.0,0.0,5000,10.38863,55.40436
"Skibhusvej 173, 3",5000 Odense C,1400000,2015-10-23,Alm. Salg,13461.0,3.0,Lejlighed,104.0,1939.0,-6.0,5000,10.396417,55.413708
"Promenadebyen 14, 3. TH",5000 Odense C,3895000,2015-10-23,Alm. Salg,27237.0,4.0,Lejlighed,143.0,2012.0,0.0,5000,10.379587,55.406889
"Krügersvej 4, ST. TV",5000 Odense C,998000,2015-10-22,Alm. Salg,16360.0,2.0,Lejlighed,61.0,1925.0,0.0,5000,10.368989,55.380156
"Skibhusvej 37, 1. TV",5000 Odense C,1900000,2015-10-22,Alm. Salg,18627.0,3.0,Lejlighed,102.0,1927.0,0.0,5000,10.392875,55.404434
"Dronningensgade 2B, 3. TV",5000 Odense C,1500000,2015-10-22,Alm. Salg,14563.0,4.0,Lejlighed,103.0,1916.0,-3.0,5000,10.379147,55.39796
Thomas Overskous Vej 3,5000 Odense C,1750000,2015-10-22,Alm. Salg,21084.0,5.0,Rækkehus,83.0,1922.0,-12.0,5000,10.358291,55.398451
"Grønlandsgade 24A, ST",5000 Odense C,1120000,2015-10-22,Alm. Salg,14933.0,3.0,Lejlighed,75.0,1924.0,-3.0,5000,10.403766,55.400391
"Promenadebyen 30, 4. 6",5000 Odense C,1445000,2015-10-22,Alm. Salg,23306.0,2.0,Lejlighed,62.0,2016.0,0.0,5000,10.379098,55.406849
"Godthåbsgade 53, 2",5000 Odense C,1995000,2015-10-22,Alm. Salg,21223.0,3.0,Lejlighed,94.0,1912.0,0.0,5000,10.393212,55.388597
"Borgervænget 17, ST",5000 Odense C,1160000,2015-10-20,Alm. Salg,13809.0,3.0,Lejlighed,84.0,1921.0,-10.0,5000,10.397618,55.405957
"Drewsensvej 26, 1. TV",5000 Odense C,995000,2015-10-20,Alm. Salg,21170.0,2.0,Lejlighed,47.0,1961.0,0.0,5000,10.402085,55.392853
"Promenadebyen 30, 3. 2",5000 Odense C,1395000,2015-10-20,Alm. Salg,22500.0,2.0,Lejlighed,62.0,2016.0,0.0,5000,10.379098,55.406849
"Thuresensgade 36, 2. TH",5000 Odense C,725000,2015-10-19,Alm. Salg,16111.0,1.0,Lejlighed,45.0,1937.0,-3.0,5000,10.409593,55.392582
"Skibhusvej 177, 4",5000 Odense C,1200000,2015-10-19,Alm. Salg,11428.0,4.0,Lejlighed,105.0,1939.0,0.0,5000,10.396555,55.413893
Enighedsvej 30,5000 Odense C,2350000,2015-10-19,Alm. Salg,26704.0,3.0,Villa,88.0,1928.0,-6.0,5000,10.397075,55.41041
Vendersvej 21,5000 Odense C,1175000,2015-10-19,Alm. Salg,13988.0,4.0,Villa,84.0,1948.0,-9.0,5000,10.417533,55.410601
"Promenadebyen 30, 2. 2",5000 Odense C,1345000,2015-10-19,Alm. Salg,21693.0,2.0,Lejlighed,62.0,2016.0,0.0,5000,10.379098,55.406849
"Promenadebyen 14, 7. TV",5000 Odense C,3800000,2015-10-18,Alm. Salg,31147.0,4.0,Lejlighed,122.0,2012.0,3.0,5000,10.379587,55.406889
Irenevej 13,5000 Odense C,1955000,2015-10-16,Alm. Salg,18798.0,3.0,Villa,104.0,1954.0,0.0,5000,10.404503,55.416095
"Jens Benzons Gade 34, 1",5000 Odense C,1785000,2015-10-15,Alm. Salg,17500.0,3.0,Lejlighed,102.0,1880.0,-1.0,5000,10.374042,55.395397
"H. Rasmussens Vej 21, 1. TV",5000 Odense C,1500000,2015-10-15,Alm. Salg,16304.0,4.0,Lejlighed,92.0,1936.0,-6.0,5000,10.404076,55.392544
Åløkkehaven 16,5000 Odense C,2850000,2015-10-15,Alm. Salg,22265.0,5.0,Villa,128.0,1936.0,3.0,5000,10.370081,55.405281
"Rødegårdsvej 35, 1. 6",5000 Odense C,766000,2015-10-15,Alm. Salg,15632.0,2.0,Lejlighed,49.0,1966.0,-4.0,5000,10.402626,55.393251
Carl Lunds Vej 30D,5000 Odense C,2225000,2015-10-15,Alm. Salg,20227.0,4.0,Rækkehus,110.0,2015.0,0.0,5000,10.400578,55.417
"Rugårdsvej 59, 1",5000 Odense C,1570000,2015-10-14,Alm. Salg,14811.0,3.0,Lejlighed,106.0,1934.0,-5.0,5000,10.36336,55.399009
"Grønløkkevej 22B, ST",5000 Odense C,13000000,2015-10-13,Alm. Salg,132653.0,3.0,Lejlighed,98.0,2016.0,0.0,5000,10.366351,55.397496
"Åløkkehaven 62, ST. TH",5000 Odense C,800000,2015-10-12,Alm. Salg,12698.0,2.0,Lejlighed,63.0,1946.0,-5.0,5000,10.372624,55.404439
Carl Lunds Vej 30C,5000 Odense C,2225000,2015-10-09,Alm. Salg,20227.0,4.0,Rækkehus,110.0,2015.0,0.0,5000,10.400667,55.417013
"Vilhelminevej 6, ST. TH",5000 Odense C,775000,2015-10-08,Alm. Salg,14903.0,2.0,Lejlighed,52.0,1931.0,-6.0,5000,10.398062,55.414509
Prinsesse Maries Allé 2,5000 Odense C,1800000,2015-10-08,Alm. Salg,12080.0,6.0,Villa,149.0,1924.0,-10.0,5000,10.36278,55.399089
"Vestergade 50, 3. TV",5000 Odense C,1295000,2015-10-08,Alm. Salg,15416.0,3.0,Lejlighed,84.0,1880.0,0.0,5000,10.384704,55.395125
"Promenadebyen 30, 2. 1",5000 Odense C,1345000,2015-10-08,Alm. Salg,21693.0,2.0,Lejlighed,62.0,2016.0,0.0,5000,10.379098,55.406849
Johannevej 40,5000 Odense C,3300000,2015-10-07,Alm. Salg,21568.0,4.0,Villa,153.0,1929.0,0.0,5000,10.362685,55.403431
Isgårdsvej 28,5000 Odense C,1050000,2015-10-06,Alm. Salg,13125.0,4.0,Villa,80.0,1954.0,-12.0,5000,10.408632,55.409003
Nyborgvej 61,5000 Odense C,1450000,2015-10-06,Alm. Salg,13809.0,5.0,Villa,105.0,1932.0,0.0,5000,10.407746,55.39384
Carl Lunds Vej 30A,5000 Odense C,2225000,2015-10-06,Alm. Salg,20227.0,4.0,Rækkehus,110.0,2015.0,0.0,5000,10.401037,55.416927
"Gyldenløvesgade 6, 3. TH",5000 Odense C,887500,2015-10-05,Alm. Salg,15301.0,2.0,Lejlighed,58.0,1938.0,-7.0,5000,10.405746,55.393627
"Promenadebyen 30, 3. 5",5000 Odense C,1395000,2015-10-02,Alm. Salg,22500.0,2.0,Lejlighed,62.0,2016.0,0.0,5000,10.379098,55.406849
"Allégade 27, 1",5000 Odense C,1845000,2015-10-01,Alm. Salg,19421.0,3.0,Lejlighed,95.0,1882.0,0.0,5000,10.394726,55.391192
Nøddevænget 5,5000 Odense C,1570000,2015-09-30,Alm. Salg,17640.0,4.0,Villa,89.0,1957.0,-2.0,5000,10.400501,55.418853
"Promenadebyen 30, 2. 5",5000 Odense C,1495000,2015-09-30,Alm. Salg,24112.0,2.0,Lejlighed,62.0,2016.0,0.0,5000,10.379098,55.406849
"Promenadebyen 30, 3. 6",5000 Odense C,1545000,2015-09-30,Alm. Salg,24919.0,2.0,Lejlighed,62.0,2016.0,0.0,5000,10.379098,55.406849
Lahnsgade 34,5000 Odense C,5660000,2015-09-29,Alm. Salg,28585.0,8.0,Villa,198.0,1926.0,-6.0,5000,10.391395,55.387655
"Vesterbro 98B, 2",5000 Odense C,730000,2015-09-29,Alm. Salg,15531.0,1.0,Lejlighed,47.0,1897.0,-5.0,5000,10.372739,55.394056
"Godthåbsgade 53, 3",5000 Odense C,2010000,2015-09-29,Alm. Salg,21382.0,3.0,Lejlighed,94.0,1912.0,1.0,5000,10.393212,55.388597
Overstræde 1A,5000 Odense C,3495000,2015-09-28,Alm. Salg,30657.0,3.0,Rækkehus,114.0,1980.0,0.0,5000,10.392194,55.397889
Prinsesse Maries Allé 6,5000 Odense C,1950000,2015-09-28,Fam. Salg,11337.0,5.0,Villa,172.0,1924.0,0.0,5000,10.362853,55.399555
"Vesterbro 87, ST. TH",5000 Odense C,340120,2015-09-28,Fam. Salg,4929.0,2.0,Lejlighed,69.0,1892.0,0.0,5000,10.371775,55.394577
Ny Kongevej 1A,5000 Odense C,3800000,2015-09-28,Alm. Salg,25165.0,6.0,Villa,151.0,1936.0,-5.0,5000,10.367274,55.401995
"Promenadebyen 30, 2. 4",5000 Odense C,1345000,2015-09-28,Alm. Salg,21693.0,2.0,Lejlighed,62.0,2016.0,0.0,5000,10.379098,55.406849
"Promenadebyen 30, 2. 3",5000 Odense C,1345000,2015-09-28,Alm. Salg,21693.0,2.0,Lejlighed,62.0,2016.0,0.0,5000,10.379098,55.406849
"Promenadebyen 30, 7. 1",5000 Odense C,9709021,2015-09-27,Alm. Salg,156597.0,2.0,Lejlighed,62.0,2016.0,441.0,5000,10.379098,55.406849
Absalonsgade 2,5000 Odense C,3050000,2015-09-27,Alm. Salg,17941.0,6.0,Rækkehus,170.0,1889.0,0.0,5000,10.390795,55.392328
"Buchwaldsgade 61D, 2. TV",5000 Odense C,950000,2015-09-26,Alm. Salg,17272.0,2.0,Lejlighed,55.0,1939.0,-5.0,5000,10.391814,55.405496
"Klostervej 28E, 1. TV",5000 Odense C,3300000,2015-09-26,Alm. Salg,24626.0,4.0,Lejlighed,134.0,2009.0,0.0,5000,10.38081,55.398835
"Nansensgade 20, 1. TV",5000 Odense C,1100000,2015-09-25,Alm. Salg,17187.0,2.0,Lejlighed,64.0,1937.0,0.0,5000,10.40976,55.392024
Kochsgade 63,5000 Odense C,1105000,2015-09-25,Fam. Salg,11275.0,6.0,Rækkehus,98.0,1900.0,0.0,5000,10.403357,55.40566
"Nyborgvej 52, 2. TH",5000 Odense C,1295000,2015-09-25,Alm. Salg,17739.0,3.0,Lejlighed,73.0,1933.0,0.0,5000,10.405827,55.394266
"Jagtvej 55, 1. TH",5000 Odense C,1190000,2015-09-25,Fam. Salg,10625.0,3.0,Lejlighed,112.0,1927.0,0.0,5000,10.386153,55.38952
"Klostervej 24B, 2. TV",5000 Odense C,1495000,2015-09-25,Alm. Salg,14801.0,3.0,Lejlighed,101.0,1913.0,0.0,5000,10.380805,55.398432
Dronning Louises Vej 9,5000 Odense C,1615000,2015-09-24,Andet,12920.0,4.0,Villa,125.0,1929.0,0.0,5000,10.364623,55.403769
"Engelstoftsgade 20, ST. TH",5000 Odense C,1445000,2015-09-24,Alm. Salg,18062.0,3.0,Lejlighed,80.0,1902.0,0.0,5000,10.390339,55.403671
"Skibhusvej 7, 1. TH",5000 Odense C,1295000,2015-09-24,Alm. Salg,19328.0,2.0,Lejlighed,67.0,1931.0,0.0,5000,10.391572,55.403117
"Bjergegade 26D, 1",5000 Odense C,1350000,2015-09-24,Alm. Salg,13775.0,4.0,Lejlighed,98.0,1913.0,-3.0,5000,10.397571,55.394345
"Promenadebyen 18, 4",5000 Odense C,1745000,2015-09-24,Alm. Salg,26846.0,2.0,Lejlighed,65.0,2016.0,0.0,5000,10.379166,55.406644
Steinsgade 15C,5000 Odense C,1020000,2015-09-23,Alm. Salg,16190.0,3.0,Rækkehus,63.0,1986.0,0.0,5000,10.404805,55.403518
"Christiansgade 61, 1",5000 Odense C,5450000,2015-09-23,Alm. Salg,38380.0,5.0,Lejlighed,142.0,1934.0,0.0,5000,10.404223,55.396588
"Rødegårdsvej 13, 1",5000 Odense C,1350000,2015-09-23,Alm. Salg,19852.0,3.0,Lejlighed,68.0,1887.0,4.0,5000,10.401585,55.393857
"Promenadebyen 18, 6",5000 Odense C,1945000,2015-09-23,Alm. Salg,29923.0,2.0,Lejlighed,65.0,2016.0,0.0,5000,10.379166,55.406644
"Sdr. Boulevard 250, 3. TV",5000 Odense C,1325000,2015-09-23,Alm. Salg,15773.0,3.0,Lejlighed,84.0,1914.0,-5.0,5000,10.371562,55.381176
Skibhusvej 264,5000 Odense C,1650000,2015-09-22,Alm. Salg,16500.0,4.0,Villa,100.0,1961.0,0.0,5000,10.405355,55.419642
"Promenadebyen 18, 5",5000 Odense C,1695000,2015-09-22,Alm. Salg,26076.0,2.0,Lejlighed,65.0,2016.0,0.0,5000,10.379166,55.406644
"Promenadebyen 30, 3. 4",5000 Odense C,1395000,2015-09-22,Alm. Salg,22500.0,2.0,Lejlighed,62.0,2016.0,0.0,5000,10.379098,55.406849
"Promenadebyen 18, 7",5000 Odense C,1895000,2015-09-21,Alm. Salg,29153.0,2.0,Lejlighed,65.0,2016.0,0.0,5000,10.379166,55.406644
"Holmehusvej 83, ST. TV",5000 Odense C,870000,2015-09-18,Alm. Salg,14745.0,2.0,Lejlighed,59.0,1943.0,0.0,5000,10.408691,55.409758
"Holmehusvej 34, 1. TV",5000 Odense C,925000,2015-09-18,Alm. Salg,14682.0,2.0,Lejlighed,63.0,1938.0,-5.0,5000,10.406404,55.406927
"Promenadebyen 18, ST",5000 Odense C,1245000,2015-09-18,Alm. Salg,19153.0,2.0,Lejlighed,65.0,2016.0,0.0,5000,10.379166,55.406644
Rasmus Rasks Vej 6,5000 Odense C,3075000,2015-09-16,Alm. Salg,23473.0,4.0,Villa,131.0,1922.0,-7.0,5000,10.358593,55.399048
Marienlystvej 40,5000 Odense C,1500000,2015-09-16,Andet,15151.0,3.0,Rækkehus,99.0,1910.0,0.0,5000,10.398688,55.411307
"Frederiksgade 24, 1. TV",5000 Odense C,675000,2015-09-16,Alm. Salg,9246.0,2.0,Lejlighed,73.0,1937.0,0.0,5000,10.398373,55.395949
Lumbyvej 57,5000 Odense C,975000,2015-09-16,Alm. Salg,11206.0,4.0,Villa,87.0,1938.0,-5.0,5000,10.371355,55.419356
"H.C. Andersens Gade 39A, 1",5000 Odense C,1275000,2015-09-16,Alm. Salg,16346.0,3.0,Lejlighed,78.0,1895.0,-2.0,5000,10.391953,55.389367
Tranevej 8,5000 Odense C,1325000,2015-09-16,Alm. Salg,6134.0,8.0,Villa,216.0,1931.0,-57.0,5000,10.402621,55.40784
"Christiansgade 81, 2. MF",5000 Odense C,1070000,2015-09-15,Alm. Salg,17833.0,2.0,Lejlighed,60.0,1936.0,0.0,5000,10.407381,55.395944
"Allégade 20B, ST",5000 Odense C,2495000,2015-09-15,Alm. Salg,19341.0,5.0,Lejlighed,129.0,1896.0,0.0,5000,10.394759,55.390899
Bøgebjergvej 39,5000 Odense C,2000000,2015-09-15,Alm. Salg,15625.0,4.0,Villa,128.0,1933.0,0.0,5000,10.389265,55.413029
"Drewsensvej 22, 3. TV",5000 Odense C,1195000,2015-09-15,Alm. Salg,18671.0,2.0,Lejlighed,64.0,1936.0,0.0,5000,10.401643,55.393043
"Promenadebyen 18, 1",5000 Odense C,1395000,2015-09-15,Alm. Salg,21461.0,2.0,Lejlighed,65.0,2016.0,0.0,5000,10.379166,55.406644
"Kochsgade 28, ST",5000 Odense C,1020000,2015-09-14,Alm. Salg,15000.0,2.0,Lejlighed,68.0,1920.0,-2.0,5000,10.400654,55.403902
"Døckerslundsvej 4D, 3. TH",5000 Odense C,1145000,2015-09-14,Alm. Salg,15684.0,3.0,Lejlighed,73.0,1939.0,-4.0,5000,10.397658,55.413597
"Promenadebyen 12, 4. MF",5000 Odense C,4700000,2015-09-14,Alm. Salg,66197.0,3.0,Lejlighed,71.0,2012.0,0.0,5000,10.379703,55.406717
Dronningensgade 109,5000 Odense C,2115000,2015-09-13,Alm. Salg,23241.0,3.0,Rækkehus,91.0,1892.0,0.0,5000,10.370505,55.394978
"Promenadebyen 18, 3",5000 Odense C,1645000,2015-09-13,Alm. Salg,25307.0,2.0,Lejlighed,65.0,2016.0,0.0,5000,10.379166,55.406644
"Promenadebyen 18, 2",5000 Odense C,1445000,2015-09-12,Alm. Salg,22230.0,2.0,Lejlighed,65.0,2016.0,0.0,5000,10.379166,55.406644
"Nyborgvej 18, ST. TV",5000 Odense C,710000,2015-09-09,Alm. Salg,12909.0,2.0,Lejlighed,55.0,1857.0,-5.0,5000,10.402313,55.394507
Paaskeløkkevej 22,5000 Odense C,1635000,2015-09-09,Alm. Salg,21233.0,3.0,Villa,77.0,1948.0,-1.0,5000,10.41559,55.409552
Promenadebyen 26,5000 Odense C,1195000,2015-09-09,Alm. Salg,19274.0,2.0,Lejlighed,62.0,2016.0,0.0,5000,10.379115,55.406776
"Vindegade 122, ST",5000 Odense C,1400000,2015-09-08,Alm. Salg,19178.0,2.0,Lejlighed,73.0,1894.0,-6.0,5000,10.377818,55.39491
Munkebjergvej 7,5000 Odense C,3850000,2015-09-08,Alm. Salg,21388.0,6.0,Villa,180.0,1930.0,-4.0,5000,10.397807,55.390074
"Krudthusgade 1, ST",5000 Odense C,1600000,2015-09-08,Alm. Salg,17977.0,3.0,Lejlighed,89.0,1884.0,0.0,5000,10.373027,55.394533
"Klosterbakken 8G, 1. TH",5000 Odense C,3550000,2015-09-07,Alm. Salg,30869.0,3.0,Lejlighed,115.0,2016.0,0.0,5000,10.389554,55.393933
"Allégade 71, 1. TH",5000 Odense C,983000,2015-09-05,Alm. Salg,18903.0,2.0,Lejlighed,52.0,1932.0,0.0,5000,10.38873,55.39117
Drejøgade 6F,5000 Odense C,1200000,2015-09-03,Alm. Salg,15584.0,3.0,Rækkehus,77.0,1975.0,-4.0,5000,10.399623,55.417759
"Christiansgade 80, 1. 4",5000 Odense C,625000,2015-09-03,Alm. Salg,16025.0,1.0,Lejlighed,39.0,1958.0,0.0,5000,10.40682,55.396288
"Damhusvej 22, KL. TV",5000 Odense C,575000,2015-09-02,Alm. Salg,11734.0,1.0,Lejlighed,49.0,1940.0,0.0,5000,10.398821,55.408199
"J.C. La Cours Vej 1, ST. TH",5000 Odense C,1945000,2015-09-01,Alm. Salg,19646.0,3.0,Lejlighed,99.0,1932.0,0.0,5000,10.397544,55.388846
Nørrevoldgade 38,5000 Odense C,1750000,2015-08-31,Alm. Salg,12867.0,6.0,Rækkehus,136.0,1911.0,0.0,5000,10.389365,55.408563
"Dronningensgade 53, 2",5000 Odense C,1215000,2015-08-31,Alm. Salg,17608.0,3.0,Lejlighed,69.0,1897.0,-2.0,5000,10.374212,55.396348
Vigelsøvænget 20,5000 Odense C,1280000,2015-08-31,Alm. Salg,14712.0,4.0,Rækkehus,87.0,1958.0,-1.0,5000,10.39648,55.42143
Rugårdsvej 94,5000 Odense C,985000,2015-08-31,Andet,5472.0,6.0,Villa,180.0,1921.0,0.0,5000,10.358541,55.400192
"Holmehusvej 76, 1. TV",5000 Odense C,899000,2015-08-30,Alm. Salg,14500.0,2.0,Lejlighed,62.0,1943.0,0.0,5000,10.407775,55.409653
"Hørdumsgade 25, 3. TH",5000 Odense C,890000,2015-08-30,Alm. Salg,13692.0,2.0,Lejlighed,65.0,1937.0,-6.0,5000,10.391436,55.409933
"Damhusvej 97, 3. TH",5000 Odense C,790000,2015-08-29,Alm. Salg,12741.0,2.0,Lejlighed,62.0,1937.0,-7.0,5000,10.402876,55.40665
Solsikkevej 19,5000 Odense C,2237000,2015-08-29,Alm. Salg,12856.0,6.0,Villa,174.0,1943.0,-7.0,5000,10.414512,55.408751
"Holmehusvej 87, 2. TV",5000 Odense C,850000,2015-08-28,Alm. Salg,12878.0,2.0,Lejlighed,66.0,1947.0,-7.0,5000,10.408053,55.409895
"Gyldenløvesgade 1, 2. TH",5000 Odense C,1200000,2015-08-28,Alm. Salg,16216.0,2.0,Lejlighed,74.0,1937.0,-2.0,5000,10.405441,55.393794
Georgsgade 89,5000 Odense C,2750000,2015-08-26,Alm. Salg,25000.0,3.0,Rækkehus,110.0,1929.0,2.0,5000,10.404101,55.395985
Døckerslundsvej 59,5000 Odense C,1750000,2015-08-25,Alm. Salg,20588.0,3.0,Rækkehus,85.0,1958.0,-1.0,5000,10.401052,55.412348
Haugstedsgade 11,5000 Odense C,3440000,2015-08-23,Alm. Salg,13385.0,7.0,Villa,257.0,1959.0,-4.0,5000,10.369631,55.39207
"Plumsgade 4, 1",5000 Odense C,1400000,2015-08-21,Alm. Salg,18918.0,3.0,Lejlighed,74.0,1920.0,-3.0,5000,10.401623,55.40454
"Bredstedgade 38, 2. 3",5000 Odense C,1024110,2015-08-21,Alm. Salg,16255.0,2.0,Lejlighed,63.0,1981.0,0.0,5000,10.38863,55.40436
"Drewsensvej 22, 3. TH",5000 Odense C,1250000,2015-08-21,Alm. Salg,18115.0,2.0,Lejlighed,69.0,1936.0,-2.0,5000,10.401643,55.393043
"Holmehusvej 70, 2. TH",5000 Odense C,825000,2015-08-20,Alm. Salg,15865.0,2.0,Lejlighed,52.0,1939.0,0.0,5000,10.407597,55.4093
Lumbyvej 36B,5000 Odense C,1390000,2015-08-20,Alm. Salg,16746.0,3.0,Rækkehus,83.0,1988.0,-7.0,5000,10.373847,55.41735
Lahnsgade 4,5000 Odense C,2970000,2015-08-19,Alm. Salg,16875.0,7.0,Villa,176.0,1895.0,-1.0,5000,10.395564,55.387639
"Tolderlundsvej 83, 2. TV",5000 Odense C,1345000,2015-08-19,Alm. Salg,20074.0,2.0,Lejlighed,67.0,1936.0,0.0,5000,10.386786,55.411108
"Rødegårdsvej 38, 2",5000 Odense C,1000000,2015-08-19,Alm. Salg,16129.0,2.0,Lejlighed,62.0,1895.0,-4.0,5000,10.403103,55.393235
"Nansensgade 15, 2. MF",5000 Odense C,970000,2015-08-19,Alm. Salg,17321.0,2.0,Lejlighed,56.0,1937.0,-3.0,5000,10.409595,55.39235
H. Rasmussens Vej 8,5000 Odense C,3050000,2015-08-18,Alm. Salg,22262.0,5.0,Villa,137.0,1933.0,-3.0,5000,10.402863,55.391615
"Gartnerhaven 1, ST",5000 Odense C,3950000,2015-08-18,Alm. Salg,40306.0,3.0,Lejlighed,98.0,1935.0,0.0,5000,10.402966,55.393951
"Christiansgade 84, 1. 23",5000 Odense C,545000,2015-08-17,Alm. Salg,13974.0,1.0,Lejlighed,39.0,1958.0,0.0,5000,10.407026,55.396243
Lyøgade 36,5000 Odense C,2325000,2015-08-14,Alm. Salg,17884.0,5.0,Villa,130.0,1968.0,-7.0,5000,10.392732,55.418322
"Drewsensvej 22, 2. TH",5000 Odense C,1210000,2015-08-14,Alm. Salg,16805.0,2.0,Lejlighed,72.0,1936.0,-6.0,5000,10.401643,55.393043
Døckerslundsvej 24,5000 Odense C,2050000,2015-08-14,Alm. Salg,12812.0,5.0,Villa,160.0,1962.0,-2.0,5000,10.40013,55.412824
"Døckerslundsvej 4E, 2. TH",5000 Odense C,935000,2015-08-14,Alm. Salg,14609.0,2.0,Lejlighed,64.0,1939.0,-2.0,5000,10.397745,55.413707
"Skibhusvej 56, ST. TV",5000 Odense C,925000,2015-08-13,Alm. Salg,15163.0,2.0,Lejlighed,61.0,1908.0,0.0,5000,10.39271,55.405278
Allégade 15,5000 Odense C,2324820,2015-08-13,Fam. Salg,17349.0,5.0,Rækkehus,134.0,1890.0,0.0,5000,10.395667,55.391143
"Valdemarsgade 13, 1",5000 Odense C,1520000,2015-08-12,Alm. Salg,16703.0,3.0,Lejlighed,91.0,1935.0,-5.0,5000,10.40024,55.396931
Døckerslundsvej 13,5000 Odense C,1750000,2015-08-12,Alm. Salg,13461.0,5.0,Rækkehus,130.0,1936.0,-8.0,5000,10.397352,55.413019
"Dagmargade 7, ST. TV",5000 Odense C,995000,2015-08-11,Alm. Salg,16048.0,2.0,Lejlighed,62.0,1908.0,0.0,5000,10.394734,55.392807
"Rødegårdsvej 43, 4. TH",5000 Odense C,1230000,2015-08-11,Auktion,19838.0,2.0,Lejlighed,62.0,1935.0,0.0,5000,10.403267,55.392942
"Thuresensgade 33C, 1. TH",5000 Odense C,1195000,2015-08-11,Alm. Salg,18106.0,2.0,Lejlighed,66.0,1939.0,0.0,5000,10.408868,55.392267
"Holmehusvej 38, 2. TV",5000 Odense C,995000,2015-08-11,Alm. Salg,16311.0,2.0,Lejlighed,61.0,1938.0,0.0,5000,10.406556,55.407135
"Dronningensgade 6A, 2",5000 Odense C,1798000,2015-08-10,Alm. Salg,20431.0,3.0,Lejlighed,88.0,1884.0,0.0,5000,10.37835,55.39767
Glentevej 17,5000 Odense C,2170000,2015-08-09,Alm. Salg,24111.0,4.0,Villa,90.0,1929.0,-1.0,5000,10.410218,55.40475
Skibhusvej 240,5000 Odense C,1650000,2015-08-07,Alm. Salg,14601.0,6.0,Rækkehus,113.0,1987.0,-8.0,5000,10.400568,55.417682
"Ridehusgade 38, 1",5000 Odense C,1575000,2015-08-07,Alm. Salg,14858.0,4.0,Lejlighed,106.0,1888.0,-3.0,5000,10.397725,55.400106
Tranevej 23,5000 Odense C,1600000,2015-08-07,Alm. Salg,16666.0,4.0,Villa,96.0,1938.0,0.0,5000,10.403608,55.408744
Klostervej 28C,5000 Odense C,3222000,2015-08-07,Alm. Salg,22690.0,3.0,Lejlighed,142.0,2008.0,0.0,5000,10.380135,55.398789
"Jens Benzons Gade 14, 1. TH",5000 Odense C,865000,2015-08-05,Alm. Salg,24714.0,2.0,Lejlighed,35.0,1885.0,-4.0,5000,10.375023,55.395738
"Pantheonsgade 4, 2. 12",5000 Odense C,1750000,2015-08-04,Alm. Salg,15086.0,3.0,Lejlighed,116.0,1892.0,0.0,5000,10.380409,55.394755
"Tolderlundsvej 86, 1. TV",5000 Odense C,650000,2015-08-04,Fam. Salg,11818.0,2.0,Lejlighed,55.0,1935.0,0.0,5000,10.386221,55.411796
"Vestre Stationsvej 60, 2",5000 Odense C,1175000,2015-08-04,Alm. Salg,17028.0,3.0,Lejlighed,69.0,1891.0,-2.0,5000,10.373067,55.396541
Holmehusvej 7,5000 Odense C,1975000,2015-08-03,Alm. Salg,23235.0,3.0,Rækkehus,85.0,1927.0,0.0,5000,10.40511,55.40492
"Hjallesevej 13, 1",5000 Odense C,780000,2015-08-03,Alm. Salg,17333.0,2.0,Lejlighed,45.0,1885.0,-2.0,5000,10.3967,55.391447
Paaskeløkkevej 21,5000 Odense C,1125000,2015-08-03,Alm. Salg,14610.0,4.0,Villa,77.0,1948.0,0.0,5000,10.416077,55.409521
"Palnatokesvej 62, KL. TH",5000 Odense C,720000,2015-08-03,Alm. Salg,10588.0,2.0,Lejlighed,68.0,1934.0,0.0,5000,10.405564,55.394461
Ny Kongevej 33,5000 Odense C,2550000,2015-08-02,Alm. Salg,17708.0,5.0,Villa,144.0,1971.0,0.0,5000,10.362286,55.40228
Mosegårdsvej 33,5000 Odense C,2725000,2015-08-01,Alm. Salg,16029.0,6.0,Villa,170.0,1933.0,-1.0,5000,10.402573,55.409977
"Skibhusvej 145, 2. TH",5000 Odense C,735000,2015-07-30,Alm. Salg,14700.0,2.0,Lejlighed,50.0,1908.0,-4.0,5000,10.394625,55.410781
Thorkildsgade 25,5000 Odense C,2000000,2015-07-30,Fam. Salg,11834.0,4.0,Rækkehus,169.0,1912.0,0.0,5000,10.391493,55.411548
"Skibhusvej 61B, 3. TV",5000 Odense C,1400000,2015-07-30,Alm. Salg,15730.0,3.0,Lejlighed,89.0,1933.0,0.0,5000,10.393332,55.406935
"Ryttergade 17, 1",5000 Odense C,1380000,2015-07-29,Alm. Salg,17468.0,3.0,Lejlighed,79.0,1887.0,0.0,5000,10.396946,55.400014
Bernstorffsvej 36,5000 Odense C,2960000,2015-07-29,Alm. Salg,14874.0,7.0,Villa,199.0,1936.0,-6.0,5000,10.400164,55.387977
Siøvænget 2,5000 Odense C,1500000,2015-07-29,Fam. Salg,17241.0,4.0,Rækkehus,87.0,1958.0,0.0,5000,10.395508,55.419829
"Henriettevej 3B, 2. TV",5000 Odense C,1775000,2015-07-29,Alm. Salg,17929.0,3.0,Lejlighed,99.0,1906.0,-4.0,5000,10.394881,55.406537
"Holmehusvej 36, 2. TH",5000 Odense C,1050000,2015-07-29,Alm. Salg,17213.0,2.0,Lejlighed,61.0,1938.0,-4.0,5000,10.406479,55.407027
Døckerslundsvej 71,5000 Odense C,2345000,2015-07-28,Alm. Salg,19541.0,4.0,Villa,120.0,1946.0,0.0,5000,10.402594,55.412107
"Schacksgade 23, ST. TV",5000 Odense C,1195000,2015-07-28,Alm. Salg,15933.0,3.0,Lejlighed,75.0,1939.0,0.0,5000,10.408582,55.393147
"Christiansgade 81, ST. TV",5000 Odense C,1020000,2015-07-27,Alm. Salg,17000.0,2.0,Lejlighed,60.0,1936.0,-2.0,5000,10.407381,55.395944
"Thuresensgade 33B, 3. TV",5000 Odense C,1300000,2015-07-23,Alm. Salg,17567.0,2.0,Lejlighed,74.0,1939.0,-3.0,5000,10.408914,55.392369
"Vestre Stationsvej 14, ST. TH",5000 Odense C,1190000,2015-07-23,Alm. Salg,18030.0,3.0,Lejlighed,66.0,1983.0,-4.0,5000,10.376518,55.397779
"Skibhusvej 137, 3. TV",5000 Odense C,1500000,2015-07-23,Alm. Salg,14705.0,4.0,Lejlighed,102.0,1936.0,-3.0,5000,10.394536,55.410399
"Schacksgade 21, 2. TV",5000 Odense C,1375000,2015-07-22,Alm. Salg,19366.0,3.0,Lejlighed,71.0,1939.0,0.0,5000,10.408425,55.393158
Bredstedgade 32,5000 Odense C,1040000,2015-07-22,Alm. Salg,16507.0,2.0,Lejlighed,63.0,1981.0,-1.0,5000,10.389063,55.404234
"Dagmargade 7, 1. TV",5000 Odense C,1825000,2015-07-20,Alm. Salg,21987.0,3.0,Lejlighed,83.0,1908.0,2.0,5000,10.394734,55.392807
Tesdorpfsvej 39,5000 Odense C,2600000,2015-07-19,Alm. Salg,20634.0,5.0,Villa,126.0,1929.0,-4.0,5000,10.401472,55.388784
"Sdr. Boulevard 290, 1",5000 Odense C,1495000,2015-07-17,Alm. Salg,20479.0,2.0,Lejlighed,73.0,1912.0,-6.0,5000,10.371706,55.379641
"Lahnsgade 31, 1",5000 Odense C,2195000,2015-07-17,Alm. Salg,19086.0,4.0,Lejlighed,115.0,1894.0,0.0,5000,10.39198,55.387859
"Falen 12, 1. TV",5000 Odense C,1276000,2015-07-17,Alm. Salg,19937.0,2.0,Lejlighed,64.0,1939.0,9.0,5000,10.377634,55.393124
Kochsgade 107,5000 Odense C,1650000,2015-07-15,Alm. Salg,17368.0,4.0,Villa,95.0,1939.0,-3.0,5000,10.406352,55.409184
Enighedsvej 23,5000 Odense C,2900000,2015-07-15,Alm. Salg,17682.0,5.0,Villa,164.0,1913.0,-3.0,5000,10.397298,55.410034
"Bredstedgade 14, 2",5000 Odense C,2125000,2015-07-14,Alm. Salg,17276.0,4.0,Lejlighed,123.0,1904.0,-3.0,5000,10.390935,55.403661
"Filosofgangen 86, 2. TV",5000 Odense C,1395000,2015-07-14,Alm. Salg,18851.0,2.0,Lejlighed,74.0,1981.0,0.0,5000,10.380081,55.391004
"Ryttergade 21, ST. TV",5000 Odense C,651000,2015-07-13,Fam. Salg,11421.0,3.0,Lejlighed,57.0,1900.0,0.0,5000,10.397163,55.400135
Bernstorffsvej 25,5000 Odense C,2600000,2015-07-13,Alm. Salg,26530.0,5.0,Villa,98.0,1932.0,-4.0,5000,10.398795,55.388293
"Benediktsgade 2, 1. TV",5000 Odense C,1000000,2015-07-13,Alm. Salg,14492.0,3.0,Lejlighed,69.0,1881.0,-5.0,5000,10.400656,55.394322
Mogensensvej 5,5000 Odense C,2065000,2015-07-13,Alm. Salg,27905.0,3.0,Villa,74.0,1923.0,4.0,5000,10.359714,55.40053
Skibhusvej 217F,5000 Odense C,2225000,2015-07-11,Alm. Salg,20227.0,4.0,Rækkehus,110.0,2015.0,0.0,5000,10.400526,55.41667
Risingsvej 24,5000 Odense C,1750000,2015-07-10,Alm. Salg,19444.0,3.0,Villa,90.0,1953.0,-3.0,5000,10.411843,55.409615
"Nørregade 31C, 2. TV",5000 Odense C,2108500,2015-07-10,Alm. Salg,22918.0,3.0,Lejlighed,92.0,1865.0,0.0,5000,10.388823,55.398413
"Filosofgangen 58, 2. TH",5000 Odense C,625000,2015-07-10,Fam. Salg,8445.0,2.0,Lejlighed,74.0,1981.0,0.0,5000,10.379814,55.391409
"Nyborgvej 98, ST. TH",5000 Odense C,12220000,2015-07-09,Andet,124693.0,3.0,Lejlighed,98.0,1929.0,0.0,5000,10.409189,55.394057
Gerthasminde 13,5000 Odense C,78625,2015-07-09,Fam. Salg,819.0,5.0,Rækkehus,96.0,1933.0,0.0,5000,10.37614,55.391815
"Østre Stationsvej 41N, 5. 3",5000 Odense C,3795000,2015-07-09,Alm. Salg,26354.0,3.0,Lejlighed,144.0,2013.0,0.0,5000,10.380527,55.399633
"Thuresensgade 33B, KL. TV",5000 Odense C,1220000,2015-07-08,Alm. Salg,12978.0,3.0,Lejlighed,94.0,1939.0,0.0,5000,10.408914,55.392369
Blomsterbakken 4,5000 Odense C,1335000,2015-07-08,Alm. Salg,14833.0,3.0,Rækkehus,90.0,1959.0,-11.0,5000,10.401037,55.411991
Langegade 19,5000 Odense C,46400,2015-07-08,Alm. Salg,539.0,3.0,Rækkehus,86.0,1868.0,0.0,5000,10.397854,55.394619
Holmehusvej 5,5000 Odense C,1875000,2015-07-07,Alm. Salg,14423.0,5.0,Villa,130.0,1974.0,-6.0,5000,10.405084,55.404781
"Kingosgade 11, ST. TH",5000 Odense C,1495000,2015-07-07,Alm. Salg,21357.0,3.0,Lejlighed,70.0,2006.0,0.0,5000,10.373134,55.396184
Carl Lunds Vej 9,5000 Odense C,3175000,2015-07-05,Alm. Salg,18247.0,7.0,Villa,174.0,1925.0,-4.0,5000,10.399884,55.413353
Hejrevej 7,5000 Odense C,1625000,2015-07-05,Alm. Salg,17105.0,4.0,Villa,95.0,1944.0,-4.0,5000,10.40721,55.410382
Fænøvænget 2,5000 Odense C,1345000,2015-07-03,Alm. Salg,15459.0,4.0,Rækkehus,87.0,1958.0,0.0,5000,10.398889,55.421382
Prinsesse Maries Allé 13,5000 Odense C,4308000,2015-07-03,Alm. Salg,23286.0,7.0,Villa,185.0,1911.0,-6.0,5000,10.363558,55.400671
"Åløkkehaven 58, 2. TV",5000 Odense C,775000,2015-07-02,Alm. Salg,11923.0,2.0,Lejlighed,65.0,1939.0,0.0,5000,10.37249,55.404683
"Vesterbro 57, 1",5000 Odense C,1665000,2015-07-02,Alm. Salg,16485.0,4.0,Lejlighed,101.0,1890.0,0.0,5000,10.374695,55.394184
Sdr. Boulevard 264,5000 Odense C,3000000,2015-07-01,Alm. Salg,22727.0,3.0,Rækkehus,132.0,1912.0,-6.0,5000,10.371667,55.380529
"Christiansgade 88, 1. TV",5000 Odense C,975000,2015-06-30,Alm. Salg,13928.0,2.0,Lejlighed,70.0,1938.0,0.0,5000,10.407414,55.396146
"Nørregade 26, 1",5000 Odense C,1635000,2015-06-30,Alm. Salg,8257.0,8.0,Lejlighed,198.0,1877.0,0.0,5000,10.388302,55.398185
"Buchwaldsgade 4, 1. TV",5000 Odense C,905000,2015-06-30,Alm. Salg,16160.0,2.0,Lejlighed,56.0,1901.0,1.0,5000,10.387521,55.406683
"Unsgaardsgade 6, 2",5000 Odense C,1050000,2015-06-29,Alm. Salg,20192.0,2.0,Lejlighed,52.0,1919.0,0.0,5000,10.398568,55.405156
"Thuresensgade 35, ST. TH",5000 Odense C,1145000,2015-06-29,Alm. Salg,19741.0,2.0,Lejlighed,58.0,1937.0,0.0,5000,10.409474,55.392414
Vilhelminevej 18,5000 Odense C,2000000,2015-06-29,Alm. Salg,12658.0,4.0,Villa,158.0,1902.0,-7.0,5000,10.399775,55.414202
"Guldbergsvej 8, 3. TH",5000 Odense C,1320000,2015-06-29,Alm. Salg,17368.0,3.0,Lejlighed,76.0,1935.0,-2.0,5000,10.397776,55.391639
"Buchwaldsgade 61C, 1. TV",5000 Odense C,970000,2015-06-27,Alm. Salg,16440.0,2.0,Lejlighed,59.0,1939.0,-3.0,5000,10.39185,55.405532
Palnatokesvej 26,5000 Odense C,2260000,2015-06-26,Alm. Salg,17795.0,2.0,Villa,127.0,1924.0,-2.0,5000,10.406024,55.397471
"Billesgade 17D, 1. TV",5000 Odense C,1400000,2015-06-26,Alm. Salg,17283.0,3.0,Lejlighed,81.0,1935.0,-3.0,5000,10.396575,55.406521
"Drewsensvej 3, 3. TH",5000 Odense C,1215000,2015-06-25,Alm. Salg,16643.0,2.0,Lejlighed,73.0,1935.0,0.0,5000,10.399911,55.393595
"Mejlholmgade 63, 1",5000 Odense C,1925000,2015-06-25,Alm. Salg,17035.0,4.0,Lejlighed,113.0,2015.0,0.0,5000,10.38874,55.41857
"Malmøgade 12, KL",5000 Odense C,515000,2015-06-24,Fam. Salg,8306.0,2.0,Lejlighed,62.0,1935.0,0.0,5000,10.386227,55.41112
"Carl Lunds Vej 2A, 2",5000 Odense C,1175000,2015-06-24,Alm. Salg,17028.0,3.0,Lejlighed,69.0,1929.0,-9.0,5000,10.399226,55.412902
"Nansensgade 19, 2. TV",5000 Odense C,1000000,2015-06-23,Alm. Salg,16666.0,2.0,Lejlighed,60.0,1938.0,0.0,5000,10.409488,55.392134
"Claus Bergs Gade 5B, 2. TV",5000 Odense C,1295000,2015-06-23,Alm. Salg,23125.0,2.0,Lejlighed,56.0,1935.0,0.0,5000,10.392997,55.398319
Lumbyvej 26A,5000 Odense C,1250000,2015-06-23,Fam. Salg,10330.0,4.0,Rækkehus,121.0,1980.0,0.0,5000,10.375348,55.417357
Grøndalsvej 2,5000 Odense C,2200000,2015-06-23,Alm. Salg,23913.0,3.0,Villa,92.0,1917.0,-2.0,5000,10.398448,55.407505
Vikingevej 10,5000 Odense C,2375000,2015-06-23,Alm. Salg,21205.0,4.0,Villa,112.0,1927.0,-4.0,5000,10.408109,55.398053
"Østre Stationsvej 44, 4. TV",5000 Odense C,1550000,2015-06-22,Alm. Salg,16145.0,3.0,Lejlighed,96.0,1934.0,-3.0,5000,10.380026,55.399091
Sophie Breums Vænge 7,5000 Odense C,2295000,2015-06-22,Alm. Salg,18811.0,5.0,Villa,122.0,1933.0,0.0,5000,10.39597,55.407577
Thorkildsgade 14,5000 Odense C,2025000,2015-06-20,Alm. Salg,15576.0,5.0,Rækkehus,130.0,1913.0,-8.0,5000,10.392273,55.411127
"Tolderlundsvej 91, 2. TV",5000 Odense C,850000,2015-06-19,Alm. Salg,13709.0,2.0,Lejlighed,62.0,1915.0,0.0,5000,10.386672,55.412038
Marienlystvej 46,5000 Odense C,2250000,2015-06-19,Alm. Salg,25000.0,4.0,Rækkehus,90.0,1922.0,0.0,5000,10.398962,55.412027
"Læssøegade 18, 3. TV",5000 Odense C,2400000,2015-06-18,Alm. Salg,15686.0,7.0,Lejlighed,153.0,1896.0,-4.0,5000,10.387338,55.389383
"Albanigade 59, ST",5000 Odense C,1395000,2015-06-18,Alm. Salg,15674.0,2.0,Lejlighed,89.0,1877.0,0.0,5000,10.396696,55.392521
"Helenevej 21, 1. TH",5000 Odense C,995000,2015-06-18,Alm. Salg,15075.0,2.0,Lejlighed,66.0,1931.0,0.0,5000,10.398575,55.41154
Christiansgade 113,5000 Odense C,3000000,2015-06-17,Alm. Salg,18750.0,7.0,Villa,160.0,1935.0,0.0,5000,10.412467,55.395747
Bangs Boder 2,5000 Odense C,3001000,2015-06-17,Alm. Salg,31925.0,3.0,Rækkehus,94.0,1761.0,0.0,5000,10.391095,55.398611
Reventlowsvej 33,5000 Odense C,3170000,2015-06-16,Alm. Salg,20855.0,6.0,Villa,152.0,1932.0,0.0,5000,10.401965,55.391486
"Klostervej 23, ST. TH",5000 Odense C,1830000,2015-06-16,Alm. Salg,20561.0,3.0,Lejlighed,89.0,1906.0,-1.0,5000,10.381269,55.398708
Grønlandsgade 24C,5000 Odense C,527000,2015-06-16,Alm. Salg,10540.0,2.0,Rækkehus,50.0,1935.0,0.0,5000,10.403658,55.400613
"Skibhusvej 63, 1. TH",5000 Odense C,1495000,2015-06-15,Alm. Salg,18687.0,3.0,Lejlighed,80.0,1900.0,0.0,5000,10.393348,55.407184
Damhusvej 87,5000 Odense C,1800000,2015-06-15,Alm. Salg,20930.0,3.0,Rækkehus,86.0,1893.0,-5.0,5000,10.401839,55.407195
"Promenadebyen 2, 6. 3",5000 Odense C,3245000,2015-06-15,Alm. Salg,25351.0,2.0,Lejlighed,128.0,2009.0,5.0,5000,10.380803,55.406864
Bernstorffsvej 35,5000 Odense C,2975000,2015-06-11,Alm. Salg,18593.0,5.0,Villa,160.0,1936.0,0.0,5000,10.399752,55.387596
"Reventlowsvej 72, 1. TV",5000 Odense C,1040000,2015-06-11,Fam. Salg,17049.0,2.0,Lejlighed,61.0,1932.0,0.0,5000,10.404379,55.393715
"Hjallesevej 50, 2",5000 Odense C,975000,2015-06-10,Alm. Salg,12828.0,2.0,Lejlighed,76.0,1934.0,0.0,5000,10.396464,55.38705
"Heltzensgade 9, ST",5000 Odense C,1725000,2015-06-10,Alm. Salg,14024.0,4.0,Lejlighed,123.0,1922.0,-4.0,5000,10.393852,55.404557
"Tolderlundsvej 81, ST. TV",5000 Odense C,1275000,2015-06-09,Alm. Salg,14655.0,3.0,Lejlighed,87.0,1934.0,-6.0,5000,10.386811,55.410944
Nyvangsvej 36C,5000 Odense C,1015000,2015-06-09,Alm. Salg,19901.0,2.0,Lejlighed,51.0,1988.0,-3.0,5000,10.402232,55.406437
"Sdr. Boulevard 148, 2",5000 Odense C,1075000,2015-06-09,Alm. Salg,18534.0,3.0,Lejlighed,58.0,1900.0,-2.0,5000,10.37414,55.386224
Vinkældervej 22A,5000 Odense C,1545000,2015-06-08,Alm. Salg,16612.0,4.0,Rækkehus,93.0,1966.0,0.0,5000,10.410667,55.40767
"Palnatokesvej 62, 1. TH",5000 Odense C,1230000,2015-06-08,Alm. Salg,16400.0,3.0,Lejlighed,75.0,1934.0,-2.0,5000,10.405564,55.394461
"Buchwaldsgade 11, 2",5000 Odense C,1800000,2015-06-05,Alm. Salg,15000.0,3.0,Lejlighed,120.0,1903.0,-5.0,5000,10.385299,55.406111
"Edvard Brandes Gade 11A, ST",5000 Odense C,960000,2015-06-03,Alm. Salg,15483.0,2.0,Lejlighed,62.0,1910.0,-4.0,5000,10.401217,55.395292
Holmehusvej 10,5000 Odense C,1995000,2015-06-03,Alm. Salg,18472.0,3.0,Villa,108.0,1930.0,-9.0,5000,10.404759,55.404934
"Thuresensgade 8, 1. TV",5000 Odense C,1145000,2015-06-03,Alm. Salg,19406.0,2.0,Lejlighed,59.0,1939.0,0.0,5000,10.406484,55.392908
Godthåbsgade 15C,5000 Odense C,1425000,2015-06-03,Alm. Salg,24152.0,3.0,Lejlighed,59.0,1885.0,-5.0,5000,10.392962,55.390304
Thurøgade 59,5000 Odense C,2300000,2015-06-03,Alm. Salg,22549.0,4.0,Rækkehus,102.0,2012.0,0.0,5000,10.391004,55.419374
"Ryttergade 7, ST",5000 Odense C,1395000,2015-06-02,Alm. Salg,14234.0,3.0,Lejlighed,98.0,1895.0,0.0,5000,10.396556,55.399795
"Mejlholmgade 99, 1. TV",5000 Odense C,1575000,2015-06-02,Alm. Salg,17897.0,4.0,Lejlighed,88.0,2015.0,0.0,5000,10.389042,55.419184
Heltzensgade 4,5000 Odense C,3500000,2015-06-01,Alm. Salg,14705.0,7.0,Villa,238.0,1918.0,-5.0,5000,10.393881,55.404803
Marienlystvej 24,5000 Odense C,2300000,2015-06-01,Alm. Salg,17968.0,5.0,Rækkehus,128.0,1910.0,0.0,5000,10.39824,55.410108
"Christiansgade 11, 1. TH",5000 Odense C,400000,2015-06-01,Andet,4166.0,3.0,Lejlighed,96.0,1932.0,0.0,5000,10.398554,55.396681
Døckerslundsvej 183,5000 Odense C,1800000,2015-06-01,Alm. Salg,10975.0,6.0,Villa,164.0,1970.0,-5.0,5000,10.421392,55.410844
"Store Glasvej 33, ST",5000 Odense C,838000,2015-06-01,Alm. Salg,11802.0,3.0,Lejlighed,71.0,1906.0,0.0,5000,10.368922,55.396825
Mejlholmgade 23,5000 Odense C,1495000,2015-06-01,Alm. Salg,19166.0,3.0,Rækkehus,78.0,2014.0,0.0,5000,10.388825,55.417974
"Thuresensgade 34, 1. TH",5000 Odense C,1095000,2015-05-31,Alm. Salg,18250.0,2.0,Lejlighed,60.0,1937.0,0.0,5000,10.409397,55.392602
Segelckesvej 26,5000 Odense C,2550000,2015-05-29,Alm. Salg,17000.0,4.0,Villa,150.0,1930.0,-4.0,5000,10.402738,55.389427
Nørrevænget 55,5000 Odense C,3300000,2015-05-29,Alm. Salg,22000.0,4.0,Rækkehus,150.0,1912.0,-6.0,5000,10.391318,55.408102
"Drewsensvej 24, 1. TV",5000 Odense C,1275000,2015-05-29,Alm. Salg,17708.0,2.0,Lejlighed,72.0,1936.0,-2.0,5000,10.401855,55.392949
"Ørstedsgade 41, 2. TV",5000 Odense C,1400000,2015-05-28,Alm. Salg,15384.0,3.0,Lejlighed,91.0,1938.0,4.0,5000,10.367736,55.398108
"Gyldenløvesgade 18, 1. TV",5000 Odense C,1245000,2015-05-28,Alm. Salg,19453.0,2.0,Lejlighed,64.0,1937.0,0.0,5000,10.405128,55.392691
Marienlystvej 20,5000 Odense C,2860000,2015-05-27,Alm. Salg,23636.0,4.0,Rækkehus,121.0,1910.0,0.0,5000,10.398134,55.40983
Marienlystvej 22,5000 Odense C,2175000,2015-05-27,Alm. Salg,19247.0,3.0,Rækkehus,113.0,1910.0,0.0,5000,10.398223,55.410049
Allégade 32A,5000 Odense C,2937500,2015-05-27,Alm. Salg,23500.0,4.0,Lejlighed,125.0,1889.0,0.0,5000,10.394163,55.390921
"Østervænget 2, ST",5000 Odense C,1315000,2015-05-27,Alm. Salg,15843.0,3.0,Lejlighed,83.0,1918.0,-2.0,5000,10.400155,55.40483
Lollandsgade 32,5000 Odense C,2195000,2015-05-27,Alm. Salg,15243.0,5.0,Villa,144.0,1930.0,0.0,5000,10.412133,55.400529
"Bredstedgade 38, 1. 3",5000 Odense C,1030000,2015-05-26,Alm. Salg,16349.0,2.0,Lejlighed,63.0,1981.0,-2.0,5000,10.38863,55.40436
"Kongensgade 69E, 5",5000 Odense C,5500000,2015-05-26,Andet,21317.0,5.0,Lejlighed,258.0,2009.0,0.0,5000,10.379933,55.398675
Ejby Møllevej 13,5000 Odense C,2300000,2015-05-26,Alm. Salg,20909.0,5.0,Villa,110.0,1926.0,-4.0,5000,10.413627,55.398482
"Christiansgade 80, 4. 9",5000 Odense C,600000,2015-05-26,Alm. Salg,15384.0,1.0,Lejlighed,39.0,1958.0,0.0,5000,10.40682,55.396288
"Georgsgade 1, 2. TH",5000 Odense C,1145000,2015-05-22,Alm. Salg,16126.0,2.0,Lejlighed,71.0,1937.0,0.0,5000,10.398695,55.396012
"Drewsensvej 24, 2. TV",5000 Odense C,1245000,2015-05-22,Alm. Salg,17291.0,2.0,Lejlighed,72.0,1936.0,0.0,5000,10.401855,55.392949
Stokrosevej 3,5000 Odense C,1550000,2015-05-21,Alm. Salg,14622.0,4.0,Villa,106.0,1961.0,-9.0,5000,10.409748,55.409072
"Nansensgade 19, 1. TV",5000 Odense C,1031000,2015-05-21,Alm. Salg,17183.0,2.0,Lejlighed,60.0,1938.0,4.0,5000,10.409488,55.392134
"Enggade 8, 1",5000 Odense C,1370000,2015-05-20,Alm. Salg,17792.0,3.0,Lejlighed,77.0,1890.0,-1.0,5000,10.391852,55.401667
"Allégade 33, 2",5000 Odense C,1500000,2015-05-20,Fam. Salg,15625.0,3.0,Lejlighed,96.0,1931.0,0.0,5000,10.394335,55.39121
"Sdr. Boulevard 228, ST",5000 Odense C,1250000,2015-05-20,Alm. Salg,13297.0,3.0,Lejlighed,94.0,1915.0,0.0,5000,10.371557,55.382107
Paaskeløkkevej 46,5000 Odense C,1175000,2015-05-20,Alm. Salg,15064.0,3.0,Villa,78.0,1948.0,-6.0,5000,10.416508,55.411601
Lahnsgade 53,5000 Odense C,4400000,2015-05-19,Alm. Salg,28571.0,9.0,Rækkehus,154.0,1898.0,0.0,5000,10.387637,55.38813
"Promenadebyen 2, ST. 2",5000 Odense C,1875000,2015-05-19,Alm. Salg,19329.0,2.0,Lejlighed,97.0,2009.0,-1.0,5000,10.380803,55.406864
Marienlystvej 23,5000 Odense C,2265000,2015-05-18,Alm. Salg,20972.0,5.0,Rækkehus,108.0,1911.0,-1.0,5000,10.398645,55.410067
Mejlholmgade 101,5000 Odense C,1675000,2015-05-18,Alm. Salg,19034.0,4.0,Rækkehus,88.0,2015.0,0.0,5000,10.388808,55.419204
"Marienlystvej 50, 1. TH",5000 Odense C,925000,2015-05-17,Alm. Salg,16517.0,2.0,Lejlighed,56.0,1937.0,0.0,5000,10.399025,55.412192
"Georgsgade 1, 1. TV",5000 Odense C,1210000,2015-05-17,Alm. Salg,15921.0,2.0,Lejlighed,76.0,1937.0,0.0,5000,10.398695,55.396012
Marienlystvej 10,5000 Odense C,2970000,2015-05-14,Alm. Salg,21678.0,4.0,Rækkehus,137.0,1902.0,-1.0,5000,10.397888,55.409155
"Vindegade 95, 1. TH",5000 Odense C,1720000,2015-05-13,Alm. Salg,17029.0,4.0,Lejlighed,101.0,1880.0,-4.0,5000,10.378706,55.396144
Thorsgade 26B,5000 Odense C,2700000,2015-05-13,Alm. Salg,25714.0,3.0,Villa,105.0,1890.0,-7.0,5000,10.377579,55.396007
Sandhusvænget 18,5000 Odense C,818500,2015-05-13,Alm. Salg,5115.0,4.0,Villa,160.0,2015.0,0.0,5000,10.407966,55.418663
"Rødegårdsvej 43, 2. TH",5000 Odense C,830000,2015-05-12,Fam. Salg,13387.0,2.0,Lejlighed,62.0,1935.0,0.0,5000,10.403267,55.392942
"Bernstorffsvej 7, 2",5000 Odense C,1725000,2015-05-11,Alm. Salg,16911.0,4.0,Lejlighed,102.0,1931.0,-7.0,5000,10.397412,55.389244
"Billesgade 11, 2",5000 Odense C,1115000,2015-05-11,Alm. Salg,20272.0,2.0,Lejlighed,55.0,1918.0,0.0,5000,10.396301,55.40573
"Drewsensvej 1, ST. TH",5000 Odense C,550000,2015-05-11,Alm. Salg,7432.0,2.0,Lejlighed,74.0,1935.0,0.0,5000,10.399732,55.393692
"Promenadebyen 12, 6. TH",5000 Odense C,2595000,2015-05-11,Alm. Salg,24252.0,4.0,Lejlighed,107.0,2012.0,0.0,5000,10.379703,55.406717
"Heltzensgade 10, 1. TH",5000 Odense C,1495000,2015-05-09,Alm. Salg,17383.0,3.0,Lejlighed,86.0,1920.0,0.0,5000,10.39538,55.404976
"Thorkildsgade 47, ST. TV",5000 Odense C,875000,2015-05-09,Alm. Salg,13059.0,3.0,Lejlighed,67.0,1939.0,-12.0,5000,10.389441,55.412189
"Hjallesevej 59, ST",5000 Odense C,1525000,2015-05-08,Alm. Salg,13616.0,4.0,Lejlighed,112.0,1933.0,-4.0,5000,10.395976,55.38739
Arkonavej 15,5000 Odense C,600000,2015-05-08,Alm. Salg,7407.0,4.0,Villa,81.0,1948.0,0.0,5000,10.418378,55.411728
"Thuresensgade 3, ST. TH",5000 Odense C,1060000,2015-05-07,Alm. Salg,16825.0,2.0,Lejlighed,63.0,1936.0,-7.0,5000,10.405906,55.392779
"Nørregade 45D, 1",5000 Odense C,1845000,2015-05-07,Alm. Salg,16473.0,2.0,Lejlighed,112.0,1897.0,-3.0,5000,10.388628,55.398978
Jomsborgvej 18,5000 Odense C,2295000,2015-05-06,Alm. Salg,22067.0,3.0,Villa,104.0,1928.0,-4.0,5000,10.409928,55.398801
"Filosofgangen 62, ST. TH",5000 Odense C,1801000,2015-05-06,Alm. Salg,20701.0,3.0,Lejlighed,87.0,1981.0,0.0,5000,10.379966,55.391387
"Kragsbjergvej 38, ST. TV",5000 Odense C,1145000,2015-05-05,Alm. Salg,18174.0,2.0,Lejlighed,63.0,1936.0,0.0,5000,10.400684,55.391776
"Klaregade 27, 2. TH",5000 Odense C,2518000,2015-05-05,Andet,13610.0,6.0,Lejlighed,185.0,1929.0,0.0,5000,10.38647,55.393432
"Bredstedgade 14, 1",5000 Odense C,2375000,2015-05-05,Alm. Salg,19308.0,4.0,Lejlighed,123.0,1904.0,-5.0,5000,10.390935,55.403661
Bjergegade 24B,5000 Odense C,140602,2015-05-05,Andet,2196.0,3.0,Lejlighed,64.0,1937.0,0.0,5000,10.397347,55.394373
"Bjergegade 24C, 1",5000 Odense C,154417,2015-05-05,Andet,1206.0,2.0,Lejlighed,128.0,1937.0,0.0,5000,10.39743,55.394416
Bjergegade 24D,5000 Odense C,140602,2015-05-05,Andet,2196.0,2.0,Lejlighed,64.0,1937.0,0.0,5000,10.397475,55.394441
Skibhusvej 414B,5000 Odense C,2125000,2015-05-05,Alm. Salg,16221.0,5.0,Rækkehus,131.0,1864.0,-11.0,5000,10.414304,55.426755
Kragsbjergvej 10,5000 Odense C,1895000,2015-05-05,Alm. Salg,21534.0,5.0,Rækkehus,88.0,1850.0,0.0,5000,10.399077,55.392538
"Allégade 32B, 1",5000 Odense C,2495000,2015-05-05,Alm. Salg,21324.0,3.0,Lejlighed,117.0,1889.0,0.0,5000,10.394068,55.390906
Skarøvænget 6,5000 Odense C,1345000,2015-05-04,Alm. Salg,15459.0,4.0,Rækkehus,87.0,1958.0,0.0,5000,10.395836,55.420538
Vendersvej 9,5000 Odense C,1216175,2015-05-03,Fam. Salg,14652.0,4.0,Villa,83.0,1948.0,0.0,5000,10.417187,55.409717
Sprogøvej 25,5000 Odense C,1470000,2015-04-30,Alm. Salg,14700.0,4.0,Villa,100.0,1961.0,-8.0,5000,10.40345,55.41964
Egebæksvej 8,5000 Odense C,3150000,2015-04-30,Alm. Salg,16578.0,6.0,Villa,190.0,1925.0,-4.0,5000,10.395045,55.414737
"Dronningensgade 31, ST",5000 Odense C,1130000,2015-04-30,Alm. Salg,16142.0,1.0,Lejlighed,70.0,1877.0,-5.0,5000,10.375695,55.396863
Tranevej 32,5000 Odense C,1250000,2015-04-30,Fam. Salg,10416.0,5.0,Villa,120.0,1932.0,0.0,5000,10.403382,55.409195
Mejlholmgade 107,5000 Odense C,1495000,2015-04-30,Alm. Salg,19166.0,3.0,Rækkehus,78.0,2015.0,0.0,5000,10.3887,55.419084
Lind Hansens Vej 48,5000 Odense C,3455000,2015-04-29,Alm. Salg,13875.0,5.0,Villa,249.0,2007.0,0.0,5000,10.419033,55.425077
"Skibhusvej 179, 4",5000 Odense C,1330000,2015-04-29,Alm. Salg,15465.0,3.0,Lejlighed,86.0,1939.0,-5.0,5000,10.396646,55.413999
Steinsgade 1F,5000 Odense C,965000,2015-04-29,Alm. Salg,17870.0,1.0,Rækkehus,54.0,1990.0,-3.0,5000,10.402385,55.403527
Paaskeløkkevej 48,5000 Odense C,1550000,2015-04-29,Fam. Salg,9509.0,5.0,Villa,163.0,1948.0,0.0,5000,10.416602,55.411771
"Dronningensgade 115, ST. TH",5000 Odense C,870000,2015-04-29,Alm. Salg,14032.0,3.0,Lejlighed,62.0,1900.0,-1.0,5000,10.370212,55.394836
"Skibhusvej 37, ST. TV",5000 Odense C,1415000,2015-04-28,Alm. Salg,13872.0,4.0,Lejlighed,102.0,1927.0,-2.0,5000,10.392875,55.404434
Hørdumsgade 35,5000 Odense C,2100000,2015-04-28,Alm. Salg,17796.0,4.0,Villa,118.0,1931.0,-4.0,5000,10.390314,55.410129
"Pjentedamsgade 16B, 1",5000 Odense C,1425000,2015-04-27,Alm. Salg,15322.0,2.0,Lejlighed,93.0,1935.0,0.0,5000,10.393804,55.399884
"Hunderupvej 34, 3",5000 Odense C,2550000,2015-04-27,Alm. Salg,18613.0,5.0,Lejlighed,137.0,1902.0,0.0,5000,10.389135,55.390125
Christiansgade 48,5000 Odense C,3975000,2015-04-26,Alm. Salg,33125.0,5.0,Villa,120.0,1939.0,0.0,5000,10.402776,55.397417
"Palnatokesvej 34, 1. TH",5000 Odense C,1095000,2015-04-25,Alm. Salg,18250.0,2.0,Lejlighed,60.0,1935.0,0.0,5000,10.406039,55.396672
H.C. Andersens Gade 2B,5000 Odense C,1795000,2015-04-24,Alm. Salg,23012.0,2.0,Rækkehus,78.0,1876.0,0.0,5000,10.392267,55.390885
"Thuresensgade 33B, 1. TH",5000 Odense C,1295000,2015-04-24,Alm. Salg,17500.0,2.0,Lejlighed,74.0,1939.0,0.0,5000,10.408914,55.392369
"Hjallesevej 57, 1. TH",5000 Odense C,1150000,2015-04-24,Alm. Salg,15540.0,2.0,Lejlighed,74.0,1893.0,-4.0,5000,10.396009,55.387903
Mejlholmgade 65,5000 Odense C,1950000,2015-04-24,Alm. Salg,18396.0,4.0,Lejlighed,106.0,2015.0,0.0,5000,10.388644,55.418548
"Hans Tausens Gade 13, 3. TH",5000 Odense C,2065000,2015-04-23,Alm. Salg,17500.0,4.0,Lejlighed,118.0,1899.0,-4.0,5000,10.382327,55.398896
"Bredstedgade 38, 2. 9",5000 Odense C,1165000,2015-04-23,Alm. Salg,18203.0,2.0,Lejlighed,64.0,1981.0,0.0,5000,10.38863,55.40436
"Thuresensgade 9A, ST. TV",5000 Odense C,810000,2015-04-22,Alm. Salg,15000.0,2.0,Lejlighed,54.0,1937.0,-2.0,5000,10.406712,55.392693
Steenbachsvej 7,5000 Odense C,2998000,2015-04-22,Alm. Salg,17845.0,6.0,Villa,168.0,1935.0,0.0,5000,10.366582,55.403892
"Promenadebyen 14, 3. TV",5000 Odense C,3070000,2015-04-22,Alm. Salg,25163.0,4.0,Lejlighed,122.0,2012.0,3.0,5000,10.379587,55.406889
"Døckerslundsvej 4A, 4. TH",5000 Odense C,1450000,2015-04-21,Alm. Salg,15760.0,3.0,Lejlighed,92.0,1939.0,-3.0,5000,10.397379,55.413244
"Skibhusvej 11, 4. TH",5000 Odense C,1070000,2015-04-20,Alm. Salg,18771.0,2.0,Lejlighed,57.0,1931.0,-2.0,5000,10.391844,55.403283
"Læssøegade 4, ST. TV",5000 Odense C,2395000,2015-04-18,Alm. Salg,17740.0,5.0,Lejlighed,135.0,1907.0,0.0,5000,10.38792,55.390508
"Åløkkehaven 62, 1. TH",5000 Odense C,985000,2015-04-17,Alm. Salg,15634.0,2.0,Lejlighed,63.0,1946.0,0.0,5000,10.372624,55.404439
Mejlholmgade 91,5000 Odense C,1430000,2015-04-17,Alm. Salg,17228.0,3.0,Lejlighed,83.0,2015.0,0.0,5000,10.38929,55.419093
Døckerslundsvej 179,5000 Odense C,2060000,2015-04-16,Alm. Salg,16093.0,3.0,Villa,128.0,1972.0,-6.0,5000,10.420825,55.410338
"Klaregade 21, 3. TH",5000 Odense C,1650000,2015-04-15,Alm. Salg,17553.0,3.0,Lejlighed,94.0,1917.0,-6.0,5000,10.386438,55.393828
Skippervænget 8,5000 Odense C,1400000,2015-04-15,Alm. Salg,10937.0,4.0,Villa,128.0,1850.0,0.0,5000,10.416407,55.427054
Ankergade 13,5000 Odense C,1675000,2015-04-15,Alm. Salg,15366.0,3.0,Villa,109.0,1968.0,-7.0,5000,10.398058,55.417816
"Dronningensgade 51, 2",5000 Odense C,1105000,2015-04-14,Alm. Salg,17822.0,3.0,Lejlighed,62.0,1890.0,1.0,5000,10.374338,55.396368
Svanevej 3,5000 Odense C,2450000,2015-04-14,Alm. Salg,21120.0,5.0,Villa,116.0,1935.0,-1.0,5000,10.400025,55.411307
"Gyldenløvesgade 6, 3. TV",5000 Odense C,876000,2015-04-14,Alm. Salg,16222.0,2.0,Lejlighed,54.0,1938.0,-2.0,5000,10.405746,55.393627
Munkebjergvej 9,5000 Odense C,3700000,2015-04-14,Alm. Salg,22155.0,6.0,Villa,167.0,1931.0,0.0,5000,10.397981,55.389954
"Hjallesevej 57, ST. TH",5000 Odense C,1395000,2015-04-13,Alm. Salg,18851.0,2.0,Lejlighed,74.0,1893.0,0.0,5000,10.396009,55.387903
"Nørrevoldgade 4E, 2. 4",5000 Odense C,2650000,2015-04-13,Alm. Salg,19064.0,2.0,Lejlighed,139.0,1960.0,-2.0,5000,10.385967,55.409028
Mejlholmgade 75,5000 Odense C,1595000,2015-04-13,Alm. Salg,18125.0,4.0,Lejlighed,88.0,2015.0,0.0,5000,10.389161,55.418501
Rasmus Nielsens Vej 28,5000 Odense C,2200000,2015-04-10,Alm. Salg,14965.0,6.0,Villa,147.0,1936.0,2.0,5000,10.354868,55.402011
Fabersgade 6,5000 Odense C,3200000,2015-04-09,Alm. Salg,16080.0,5.0,Villa,199.0,1919.0,-4.0,5000,10.398901,55.40419
"Holmehusvej 81, 1. TV",5000 Odense C,1055000,2015-04-09,Alm. Salg,15746.0,1.0,Lejlighed,67.0,1943.0,-4.0,5000,10.408871,55.40974
"Schacksgade 4, ST. TV",5000 Odense C,910000,2015-04-08,Alm. Salg,16545.0,2.0,Lejlighed,55.0,1938.0,-2.0,5000,10.406074,55.393506
Mejlholmgade 83,5000 Odense C,1975000,2015-04-08,Alm. Salg,18632.0,4.0,Rækkehus,106.0,2014.0,0.0,5000,10.389317,55.418671
"Drewsensvej 7, ST. TH",5000 Odense C,1395000,2015-04-07,Alm. Salg,17222.0,3.0,Lejlighed,81.0,1935.0,0.0,5000,10.400262,55.393411
"Nyborgvej 104, ST",5000 Odense C,935000,2015-04-07,Alm. Salg,13955.0,3.0,Lejlighed,67.0,1902.0,-2.0,5000,10.409943,55.393959
Allégade 22C,5000 Odense C,1675000,2015-04-07,Alm. Salg,19940.0,3.0,Rækkehus,84.0,1981.0,-4.0,5000,10.394797,55.390399
"Vindegade 95, 1. TV",5000 Odense C,745000,2015-04-07,Alm. Salg,17738.0,1.0,Lejlighed,42.0,1880.0,0.0,5000,10.378706,55.396144
Johannevej 7,5000 Odense C,3995000,2015-04-07,Alm. Salg,28535.0,6.0,Villa,140.0,1913.0,0.0,5000,10.366359,55.404417
Allégade 22E,5000 Odense C,1895000,2015-04-02,Alm. Salg,22559.0,3.0,Rækkehus,84.0,1981.0,0.0,5000,10.394987,55.390386
Palnatokesvej 6,5000 Odense C,2300000,2015-04-01,Alm. Salg,18548.0,5.0,Rækkehus,124.0,1900.0,-4.0,5000,10.405929,55.398595
Døckerslundsvej 163,5000 Odense C,2100000,2015-04-01,Alm. Salg,15328.0,5.0,Villa,137.0,1972.0,-8.0,5000,10.419362,55.410486
"Christiansgade 17, 1. TV",5000 Odense C,1060000,2015-04-01,Alm. Salg,20000.0,2.0,Lejlighed,53.0,1913.0,0.0,5000,10.399556,55.396933
"Klostervej 28F, ST. TH",5000 Odense C,3300000,2015-04-01,Alm. Salg,22916.0,3.0,Lejlighed,144.0,2009.0,0.0,5000,10.380687,55.398959
Mejlholmgade 61,5000 Odense C,1415000,2015-03-31,Alm. Salg,18866.0,3.0,Lejlighed,75.0,2015.0,0.0,5000,10.388641,55.418634
"Kongensgade 58C, 3",5000 Odense C,5000000,2015-03-31,Alm. Salg,25380.0,4.0,Lejlighed,197.0,1899.0,0.0,5000,10.380525,55.397422
"Drewsensvej 26, 3. TV",5000 Odense C,1400000,2015-03-31,Alm. Salg,17948.0,3.0,Lejlighed,78.0,1961.0,0.0,5000,10.402085,55.392853
Lahnsgade 78,5000 Odense C,4650000,2015-03-30,Alm. Salg,29807.0,6.0,Villa,156.0,1914.0,0.0,5000,10.384136,55.38852
"Ansgargade 3, ST. TV",5000 Odense C,1400000,2015-03-30,Alm. Salg,12500.0,3.0,Lejlighed,112.0,1934.0,-7.0,5000,10.378026,55.392278
Kærmindevej 1,5000 Odense C,1850000,2015-03-28,Alm. Salg,18877.0,4.0,Villa,98.0,1952.0,-2.0,5000,10.413905,55.409228
"Reventlowsvej 21, 1",5000 Odense C,1950000,2015-03-27,Alm. Salg,19897.0,4.0,Lejlighed,98.0,1929.0,-2.0,5000,10.400867,55.39077
"Hans Tausens Gade 13, 3. TV",5000 Odense C,2495000,2015-03-27,Alm. Salg,18901.0,5.0,Lejlighed,132.0,1899.0,0.0,5000,10.382327,55.398896
"Annasholmsgade 14, 2. TH",5000 Odense C,1555000,2015-03-27,Alm. Salg,16368.0,3.0,Lejlighed,95.0,1936.0,2.0,5000,10.394438,55.407013
"Roersvej 13, 2. TV",5000 Odense C,1125000,2015-03-26,Alm. Salg,17578.0,2.0,Lejlighed,64.0,1902.0,-13.0,5000,10.372524,55.393658
"Henriettevej 16, 3. TH",5000 Odense C,1145000,2015-03-26,Alm. Salg,13470.0,2.0,Lejlighed,85.0,1936.0,-4.0,5000,10.39456,55.407232
Fænøvænget 6,5000 Odense C,1375000,2015-03-24,Alm. Salg,15804.0,4.0,Rækkehus,87.0,1958.0,0.0,5000,10.398486,55.421526
"Dagmargade 7, 1. TH",5000 Odense C,1595000,2015-03-24,Alm. Salg,18764.0,3.0,Lejlighed,85.0,1908.0,0.0,5000,10.394734,55.392807
"Hunderupvej 28, ST",5000 Odense C,4350000,2015-03-24,Alm. Salg,20232.0,5.0,Lejlighed,215.0,1900.0,-3.0,5000,10.389083,55.390551
H.C. Andersens Gade 9,5000 Odense C,3511000,2015-03-24,Alm. Salg,25078.0,5.0,Rækkehus,140.0,1886.0,0.0,5000,10.39188,55.390511
"Klosterbakken 8B, 2. TV",5000 Odense C,3100000,2015-03-24,Alm. Salg,32978.0,3.0,Lejlighed,94.0,2016.0,0.0,5000,10.389187,55.39405
"Rugårdsvej 30, 1. TV",5000 Odense C,1675000,2015-03-23,Alm. Salg,18611.0,3.0,Lejlighed,90.0,2008.0,-1.0,5000,10.373423,55.399038
"Thuresensgade 9B, 1. TH",5000 Odense C,825000,2015-03-23,Alm. Salg,15277.0,2.0,Lejlighed,54.0,1937.0,0.0,5000,10.406676,55.392592
"Skibhusvej 179, 2. TV",5000 Odense C,965000,2015-03-23,Alm. Salg,14191.0,2.0,Lejlighed,68.0,1939.0,-3.0,5000,10.396646,55.413999
"Henriettevej 23, ST. TV",5000 Odense C,1000000,2015-03-23,Alm. Salg,13698.0,3.0,Lejlighed,73.0,1936.0,-9.0,5000,10.395231,55.408358
"Hørdumsgade 23A, 2. TH",5000 Odense C,950000,2015-03-23,Alm. Salg,13571.0,2.0,Lejlighed,70.0,1937.0,-5.0,5000,10.391351,55.409837
Rosengade 5,5000 Odense C,1855000,2015-03-20,Alm. Salg,30409.0,2.0,Rækkehus,61.0,1817.0,-5.0,5000,10.39134,55.399428
"Klostervej 28F, 1. TH",5000 Odense C,3375000,2015-03-20,Alm. Salg,23437.0,4.0,Lejlighed,144.0,2009.0,0.0,5000,10.380687,55.398959
Sprogøvej 55,5000 Odense C,1500000,2015-03-19,Alm. Salg,17045.0,4.0,Villa,88.0,1961.0,-3.0,5000,10.402241,55.420141
"Hans Tausens Gade 20, 2. TH",5000 Odense C,1275000,2015-03-19,Alm. Salg,14825.0,2.0,Lejlighed,86.0,1880.0,-2.0,5000,10.381615,55.399325
"Dronningensgade 51B, 1",5000 Odense C,925000,2015-03-18,Alm. Salg,16818.0,2.0,Lejlighed,55.0,1890.0,-2.0,5000,10.37422,55.396488
"Store Glasvej 28, ST",5000 Odense C,845000,2015-03-18,Alm. Salg,14083.0,3.0,Lejlighed,60.0,1890.0,-3.0,5000,10.369095,55.396285
"Hunderupvej 27, 3",5000 Odense C,1540000,2015-03-17,Alm. Salg,16559.0,4.0,Lejlighed,93.0,1895.0,-9.0,5000,10.388696,55.390243
Tolderlundsvej 65,5000 Odense C,1150000,2015-03-17,Alm. Salg,8984.0,5.0,Villa,128.0,1911.0,0.0,5000,10.387442,55.409232
Mejlholmgade 59,5000 Odense C,1430000,2015-03-17,Alm. Salg,18333.0,3.0,Lejlighed,78.0,2015.0,0.0,5000,10.388685,55.418669
"Bernstorffsvej 13, 1. TV",5000 Odense C,950000,2015-03-16,Alm. Salg,16666.0,2.0,Lejlighed,57.0,1931.0,0.0,5000,10.397785,55.388987
"Hans Tausens Gade 20, 1. TV",5000 Odense C,1065000,2015-03-14,Alm. Salg,16384.0,2.0,Lejlighed,65.0,1880.0,0.0,5000,10.381615,55.399325
"Schacksgade 1, 1. TV",5000 Odense C,1095000,2015-03-13,Alm. Salg,15422.0,2.0,Lejlighed,71.0,1937.0,0.0,5000,10.405978,55.393326
Lahnsgade 70,5000 Odense C,7035000,2015-03-13,Alm. Salg,24258.0,7.0,Villa,290.0,1918.0,0.0,5000,10.385009,55.38836
"Unsgaardsgade 6, 1",5000 Odense C,1295000,2015-03-12,Alm. Salg,16602.0,3.0,Lejlighed,78.0,1919.0,0.0,5000,10.398568,55.405156
"Drewsensvej 5, 2. TH",5000 Odense C,771000,2015-03-12,Alm. Salg,10418.0,2.0,Lejlighed,74.0,1935.0,0.0,5000,10.40008,55.393506
Reventlowsvej 36,5000 Odense C,2345000,2015-03-12,Alm. Salg,15032.0,5.0,Villa,156.0,1930.0,0.0,5000,10.401112,55.391297
"Holmehusvej 65, 1. TV",5000 Odense C,972500,2015-03-12,Alm. Salg,14514.0,2.0,Lejlighed,67.0,1939.0,0.0,5000,10.407774,55.408938
Sandhusvej 44,5000 Odense C,1800000,2015-03-11,Alm. Salg,10909.0,6.0,Villa,165.0,1960.0,-5.0,5000,10.408754,55.417344
Prins Valdemars Vej 10,5000 Odense C,3740000,2015-03-11,Alm. Salg,27703.0,5.0,Villa,135.0,1926.0,-6.0,5000,10.361081,55.400445
"Rødegårdsvej 61, 2. TH",5000 Odense C,1145000,2015-03-11,Alm. Salg,17890.0,2.0,Lejlighed,64.0,1938.0,0.0,5000,10.405537,55.392222
Jens Benzons Gade 22,5000 Odense C,2495000,2015-03-11,Alm. Salg,15496.0,6.0,Rækkehus,161.0,1896.0,0.0,5000,10.374568,55.395566
"Grønlandsgade 35, ST",5000 Odense C,1350000,2015-03-10,Alm. Salg,18000.0,2.0,Lejlighed,75.0,1922.0,0.0,5000,10.404344,55.399954
"Rødegårdsvej 41, 1. TV",5000 Odense C,1155000,2015-03-10,Alm. Salg,18629.0,2.0,Lejlighed,62.0,1935.0,1.0,5000,10.40309,55.39302
Bernstorffsvej 28,5000 Odense C,4350000,2015-03-10,Alm. Salg,28064.0,5.0,Villa,155.0,1938.0,0.0,5000,10.398825,55.388613
"Dronningensgade 20A, ST",5000 Odense C,493000,2015-03-10,Fam. Salg,7469.0,2.0,Lejlighed,66.0,1895.0,-58.0,5000,10.376552,55.397009
Godthåbsgade 65,5000 Odense C,3900000,2015-03-10,Alm. Salg,21787.0,11.0,Villa,179.0,1918.0,-2.0,5000,10.39311,55.38723
Isgårdsvej 21,5000 Odense C,1800000,2015-03-09,Alm. Salg,16216.0,4.0,Villa,111.0,1962.0,-10.0,5000,10.408968,55.408797
"Vesterbro 87, 2",5000 Odense C,1015000,2015-03-09,Alm. Salg,15615.0,3.0,Lejlighed,65.0,1892.0,-3.0,5000,10.371775,55.394577
"Klostervej 21, ST. TH",5000 Odense C,1145000,2015-03-09,Alm. Salg,18174.0,2.0,Lejlighed,63.0,1913.0,0.0,5000,10.381398,55.39858
"Reventlowsvej 21, 2",5000 Odense C,1050000,2015-03-09,Alm. Salg,18103.0,1.0,Lejlighed,58.0,1929.0,0.0,5000,10.400867,55.39077
"Promenadebyen 12, 7. TH",5000 Odense C,2607750,2015-03-09,Alm. Salg,24371.0,4.0,Lejlighed,107.0,2012.0,0.0,5000,10.379703,55.406717
Georgsgade 77,5000 Odense C,1385000,2015-03-07,Alm. Salg,20984.0,4.0,Rækkehus,66.0,1870.0,0.0,5000,10.403475,55.396109
"Mageløs 10, 3. TH",5000 Odense C,1995000,2015-03-07,Alm. Salg,15465.0,3.0,Lejlighed,129.0,1926.0,0.0,5000,10.38407,55.394372
"Skibhusvej 7, ST. TV",5000 Odense C,1250000,2015-03-07,Alm. Salg,17857.0,2.0,Lejlighed,70.0,1931.0,0.0,5000,10.391572,55.403117
"Sdr. Boulevard 254, 1. TV",5000 Odense C,935000,2015-03-05,Alm. Salg,19479.0,2.0,Lejlighed,48.0,1916.0,-2.0,5000,10.37157,55.380929
Mosegårdsvej 111,5000 Odense C,2480000,2015-03-05,Alm. Salg,18370.0,6.0,Villa,135.0,1954.0,0.0,5000,10.406273,55.415995
"Christiansgade 90, 4. TV",5000 Odense C,1200000,2015-03-04,Alm. Salg,19354.0,2.0,Lejlighed,62.0,1938.0,-4.0,5000,10.407631,55.396077
"Store Glasvej 51, ST. TV",5000 Odense C,1005000,2015-03-04,Alm. Salg,15952.0,2.0,Lejlighed,63.0,1935.0,1.0,5000,10.367614,55.398284
"Dronningensgade 97, 1. TH",5000 Odense C,1000000,2015-03-04,Alm. Salg,16949.0,2.0,Lejlighed,59.0,1895.0,-2.0,5000,10.371208,55.395224
"Klaregade 23, 4",5000 Odense C,1349000,2015-03-03,Alm. Salg,17294.0,2.0,Lejlighed,78.0,1917.0,0.0,5000,10.386435,55.393685
"Hans Tausens Gade 13, 1. TH",5000 Odense C,1995000,2015-03-03,Alm. Salg,17051.0,4.0,Lejlighed,117.0,1899.0,0.0,5000,10.382327,55.398896
Mejlholmgade 105,5000 Odense C,1625000,2015-03-03,Alm. Salg,19345.0,4.0,Rækkehus,84.0,2015.0,0.0,5000,10.388715,55.419109
"Klosterbakken 8B, ST. TH",5000 Odense C,3900000,2015-02-28,Alm. Salg,30000.0,3.0,Lejlighed,130.0,2016.0,0.0,5000,10.389187,55.39405
Reventlowsvej 16,5000 Odense C,2395000,2015-02-26,Alm. Salg,15756.0,6.0,Villa,152.0,1930.0,0.0,5000,10.398967,55.390936
"Vandværksvej 18, 2. TH",5000 Odense C,1008425,2015-02-26,Fam. Salg,8768.0,3.0,Lejlighed,115.0,1912.0,0.0,5000,10.373991,55.39242
"Christiansgade 81, 3. MF",5000 Odense C,995000,2015-02-26,Alm. Salg,16311.0,2.0,Lejlighed,61.0,1936.0,0.0,5000,10.407381,55.395944
"Nørregade 45D, ST",5000 Odense C,1360000,2015-02-26,Alm. Salg,12252.0,2.0,Lejlighed,111.0,1897.0,-6.0,5000,10.388628,55.398978
"Palnatokesvej 34, 2. TH",5000 Odense C,1000000,2015-02-25,Alm. Salg,16666.0,2.0,Lejlighed,60.0,1935.0,-4.0,5000,10.406039,55.396672
"Skibhusvej 61C, ST. TV",5000 Odense C,1060000,2015-02-23,Alm. Salg,14722.0,2.0,Lejlighed,72.0,1933.0,-6.0,5000,10.393675,55.406899
"Falen 8, 3. TH",5000 Odense C,1345000,2015-02-23,Alm. Salg,21015.0,2.0,Lejlighed,64.0,1939.0,0.0,5000,10.377947,55.393202
"Plumsgade 8, 1",5000 Odense C,1875000,2015-02-21,Alm. Salg,13111.0,5.0,Lejlighed,143.0,1920.0,-1.0,5000,10.401465,55.404665
"Åløkkehaven 58, 1. TH",5000 Odense C,875000,2015-02-21,Alm. Salg,13257.0,2.0,Lejlighed,66.0,1939.0,-2.0,5000,10.37249,55.404683
"Kochsgade 4, 3. TH",5000 Odense C,1555000,2015-02-20,Alm. Salg,15867.0,4.0,Lejlighed,98.0,1933.0,-3.0,5000,10.391739,55.402615
"Schacksgade 1, ST. TH",5000 Odense C,1100000,2015-02-20,Alm. Salg,15492.0,2.0,Lejlighed,71.0,1937.0,-2.0,5000,10.405978,55.393326
"Isgårdsvej 36, 1. TH",5000 Odense C,1095000,2015-02-20,Alm. Salg,18559.0,2.0,Lejlighed,59.0,1943.0,0.0,5000,10.40903,55.409832
Vendersvej 8,5000 Odense C,1115000,2015-02-20,Alm. Salg,14294.0,3.0,Villa,78.0,1948.0,-7.0,5000,10.416644,55.409531
Lyngmosevænget 10,5000 Odense C,1900000,2015-02-19,Alm. Salg,12751.0,5.0,Villa,149.0,1972.0,-7.0,5000,10.419103,55.409744
"Overgade 13, 2. TV",5000 Odense C,2200000,2015-02-19,Alm. Salg,19469.0,2.0,Lejlighed,113.0,1960.0,-8.0,5000,10.391017,55.397035
Lahnsgade 44,5000 Odense C,5550000,2015-02-18,Alm. Salg,28906.0,7.0,Villa,192.0,1923.0,-7.0,5000,10.390956,55.38765
"Unsgaardsgade 18, 2",5000 Odense C,1515000,2015-02-18,Alm. Salg,14158.0,3.0,Lejlighed,107.0,1934.0,-2.0,5000,10.399042,55.405958
"Falen 10, 1. TV",5000 Odense C,1095000,2015-02-18,Alm. Salg,17109.0,2.0,Lejlighed,64.0,1939.0,0.0,5000,10.377798,55.393163
"Østervænget 6, 2",5000 Odense C,662500,2015-02-18,Alm. Salg,9601.0,3.0,Lejlighed,69.0,1920.0,-51.0,5000,10.4003,55.404714
Risingsvej 6,5000 Odense C,1550000,2015-02-18,Alm. Salg,11923.0,6.0,Villa,130.0,1947.0,-6.0,5000,10.410675,55.41068
"Døckerslundsvej 4D, 4. TV",5000 Odense C,750000,2015-02-18,Alm. Salg,12931.0,2.0,Lejlighed,58.0,1939.0,-6.0,5000,10.397658,55.413597
"Promenadebyen 8, 6. TV",5000 Odense C,3500000,2015-02-18,Alm. Salg,27131.0,3.0,Lejlighed,129.0,2009.0,0.0,5000,10.380155,55.406948
Vibevej 1A,5000 Odense C,2195000,2015-02-18,Alm. Salg,18291.0,3.0,Rækkehus,120.0,2016.0,0.0,5000,10.408649,55.405559
"Christiansgade 21, ST",5000 Odense C,1395000,2015-02-17,Alm. Salg,15000.0,3.0,Lejlighed,93.0,1920.0,0.0,5000,10.400213,55.397088
Klostervej 28B,5000 Odense C,3835000,2015-02-17,Alm. Salg,23968.0,5.0,Lejlighed,160.0,2008.0,-2.0,5000,10.379935,55.398749
Baumgartensvej 24,5000 Odense C,2050000,2015-02-16,Alm. Salg,14855.0,5.0,Villa,138.0,1926.0,-6.0,5000,10.39115,55.410511
"Sdr. Boulevard 228, 2",5000 Odense C,1515000,2015-02-16,Alm. Salg,16117.0,3.0,Lejlighed,94.0,1915.0,2.0,5000,10.371557,55.382107
"Nyvangsvej 32A, ST. TH",5000 Odense C,830000,2015-02-16,Alm. Salg,13387.0,2.0,Lejlighed,62.0,1936.0,-4.0,5000,10.401632,55.406509
"Læssøegade 13, ST. TV",5000 Odense C,2845000,2015-02-16,Alm. Salg,20321.0,4.0,Lejlighed,140.0,1923.0,-2.0,5000,10.387417,55.390182
"Drewsensvej 3, 2. TV",5000 Odense C,825055,2015-02-15,Fam. Salg,11149.0,2.0,Lejlighed,74.0,1935.0,0.0,5000,10.399911,55.393595
"Teisensvej 2B, ST. TV",5000 Odense C,1020000,2015-02-14,Alm. Salg,14571.0,2.0,Lejlighed,70.0,1940.0,-2.0,5000,10.398989,55.408376
Billesgade 24,5000 Odense C,2975000,2015-02-13,Alm. Salg,19966.0,6.0,Villa,149.0,1934.0,0.0,5000,10.396856,55.407548
"Mejlholmgade 79, 1. TH",5000 Odense C,1575000,2015-02-12,Alm. Salg,17897.0,3.0,Lejlighed,88.0,2015.0,0.0,5000,10.389297,55.418521
Mejlholmgade 109,5000 Odense C,1675000,2015-02-12,Alm. Salg,19034.0,3.0,Rækkehus,88.0,2015.0,0.0,5000,10.388582,55.418951
Kærmindevej 27,5000 Odense C,2200000,2015-02-11,Fam. Salg,16923.0,5.0,Villa,130.0,1951.0,0.0,5000,10.412086,55.410726
"Frederiksgade 26, 1. TV",5000 Odense C,1095000,2015-02-11,Alm. Salg,16343.0,2.0,Lejlighed,67.0,1937.0,0.0,5000,10.398579,55.395817
"Store Glasvej 51, 2. TV",5000 Odense C,1580000,2015-02-11,Alm. Salg,15339.0,5.0,Lejlighed,103.0,1935.0,-1.0,5000,10.367614,55.398284
"Christiansgade 21, 2",5000 Odense C,1495000,2015-02-09,Alm. Salg,16075.0,3.0,Lejlighed,93.0,1920.0,0.0,5000,10.400213,55.397088
"Kong Georgs Vej 19, 1. TH",5000 Odense C,975000,2015-02-09,Alm. Salg,14772.0,2.0,Lejlighed,66.0,1936.0,-2.0,5000,10.364555,55.400228
"Sadolinsgade 9, 3",5000 Odense C,2948000,2015-02-09,Alm. Salg,24566.0,2.0,Lejlighed,120.0,1919.0,0.0,5000,10.383611,55.389204
"Mejlholmgade 93, 1",5000 Odense C,1410000,2015-02-08,Alm. Salg,16987.0,3.0,Lejlighed,83.0,2015.0,0.0,5000,10.38922,55.419119
"Hunderupvej 21A, 1. TV",5000 Odense C,1375000,2015-02-06,Alm. Salg,19927.0,3.0,Lejlighed,69.0,1895.0,-5.0,5000,10.388439,55.390642
Åløkkehaven 36,5000 Odense C,2125000,2015-02-06,Alm. Salg,14455.0,5.0,Villa,147.0,1943.0,-7.0,5000,10.371784,55.405834
Steinsgade 1R,5000 Odense C,910000,2015-02-05,Alm. Salg,16851.0,1.0,Rækkehus,54.0,1990.0,-7.0,5000,10.40244,55.403283
"Bredstedgade 16, 3",5000 Odense C,1675000,2015-02-05,Alm. Salg,12593.0,2.0,Lejlighed,133.0,1901.0,-7.0,5000,10.39075,55.403716
"Rugårdsvej 116, 1. TV",5000 Odense C,765000,2015-02-05,Alm. Salg,12142.0,2.0,Lejlighed,63.0,1936.0,0.0,5000,10.356648,55.401358
Skibhusvej 130,5000 Odense C,1600000,2015-02-05,Alm. Salg,13559.0,6.0,Rækkehus,118.0,1927.0,-8.0,5000,10.394276,55.41096
Vendersvej 14,5000 Odense C,1027000,2015-02-05,Alm. Salg,13337.0,4.0,Villa,77.0,1948.0,0.0,5000,10.416822,55.409992
Mejlholmgade 103,5000 Odense C,1625000,2015-02-05,Alm. Salg,19345.0,4.0,Rækkehus,84.0,2015.0,0.0,5000,10.388737,55.41914
"Sigvaldsvej 2, 1",5000 Odense C,865000,2015-02-04,Alm. Salg,12013.0,3.0,Lejlighed,72.0,1944.0,0.0,5000,10.406348,55.397989
"Albanigade 59, 2",5000 Odense C,1040000,2015-02-04,Alm. Salg,16250.0,4.0,Lejlighed,64.0,1877.0,-5.0,5000,10.396696,55.392521
"Hørdumsgade 26, 1",5000 Odense C,1770000,2015-02-04,Alm. Salg,17019.0,4.0,Lejlighed,104.0,1935.0,0.0,5000,10.391236,55.409635
Lathyrusvej 4,5000 Odense C,1595000,2015-02-03,Alm. Salg,11992.0,4.0,Villa,133.0,1950.0,-6.0,5000,10.40489,55.412881
Mosegårdsvej 196,5000 Odense C,1925000,2015-02-03,Alm. Salg,16176.0,5.0,Villa,119.0,1954.0,-4.0,5000,10.405511,55.415633
"Skibhusvej 117, 1",5000 Odense C,1015000,2015-01-31,Alm. Salg,12083.0,2.0,Lejlighed,84.0,1900.0,-8.0,5000,10.394194,55.40964
Nedergade 34,5000 Odense C,2500000,2015-01-30,Alm. Salg,13966.0,6.0,Villa,179.0,1540.0,-4.0,5000,10.394157,55.39713
"Mejlholmgade 57, 1. TV",5000 Odense C,1395000,2015-01-30,Alm. Salg,17012.0,3.0,Lejlighed,82.0,2015.0,0.0,5000,10.388666,55.41871
Marienlystvej 43,5000 Odense C,1845000,2015-01-29,Alm. Salg,16473.0,4.0,Rækkehus,112.0,1909.0,-5.0,5000,10.399154,55.411417
"Frederiksgade 26, ST. TH",5000 Odense C,850000,2015-01-29,Alm. Salg,12500.0,2.0,Lejlighed,68.0,1937.0,0.0,5000,10.398579,55.395817
"Klosterbakken 8G, 3",5000 Odense C,9995000,2015-01-28,Alm. Salg,37434.0,5.0,Lejlighed,267.0,2016.0,0.0,5000,10.389554,55.393933
"Mejlholmgade 99, 1. TH",5000 Odense C,1610000,2015-01-28,Alm. Salg,17500.0,4.0,Lejlighed,92.0,2015.0,0.0,5000,10.389042,55.419184
"Dronningensgade 97, 1. TV",5000 Odense C,1035000,2015-01-26,Alm. Salg,16428.0,2.0,Lejlighed,63.0,1895.0,-3.0,5000,10.371208,55.395224
Mejlholmgade 87,5000 Odense C,1935000,2015-01-26,Alm. Salg,18970.0,4.0,Rækkehus,102.0,2014.0,0.0,5000,10.389214,55.418903
"Rugårdsvej 11, ST. TV",5000 Odense C,1135000,2015-01-23,Alm. Salg,16691.0,2.0,Lejlighed,68.0,1935.0,-3.0,5000,10.374499,55.399339
"Klosterbakken 8B, ST. TV",5000 Odense C,3450000,2015-01-23,Alm. Salg,30000.0,3.0,Lejlighed,115.0,2016.0,0.0,5000,10.389187,55.39405
"Kongensgade 69B, 2. TH",5000 Odense C,3400000,2015-01-23,Alm. Salg,23943.0,4.0,Lejlighed,142.0,2009.0,-2.0,5000,10.380085,55.398522
"Promenadebyen 2, 5. 2",5000 Odense C,3450000,2015-01-23,Alm. Salg,22402.0,4.0,Lejlighed,154.0,2009.0,-7.0,5000,10.380803,55.406864
"Holmehusvej 72, 2. TV",5000 Odense C,880000,2015-01-22,Alm. Salg,14915.0,2.0,Lejlighed,59.0,1943.0,-2.0,5000,10.407687,55.409474
Rylevej 6,5000 Odense C,1142400,2015-01-22,Alm. Salg,11539.0,5.0,Villa,99.0,1926.0,0.0,5000,10.409667,55.405263
"Schacksgade 32, 3. TV",5000 Odense C,975000,2015-01-22,Alm. Salg,16525.0,2.0,Lejlighed,59.0,1936.0,0.0,5000,10.409185,55.393271
"Bredstedgade 38, 1. 5",5000 Odense C,1030000,2015-01-22,Alm. Salg,16349.0,2.0,Lejlighed,63.0,1981.0,-3.0,5000,10.38863,55.40436
"Vestergade 86B, 1",5000 Odense C,540000,2015-01-22,Alm. Salg,9818.0,2.0,Lejlighed,55.0,1890.0,0.0,5000,10.381845,55.394309
"Albanigade 11, 3",5000 Odense C,1532500,2015-01-22,Alm. Salg,10946.0,3.0,Lejlighed,140.0,1880.0,-4.0,5000,10.393272,55.394542
"Roersvej 11, 1. TV",5000 Odense C,1300000,2015-01-22,Alm. Salg,17567.0,3.0,Lejlighed,74.0,1902.0,-4.0,5000,10.372748,55.39368
"Klosterbakken 8B, 1. TV",5000 Odense C,4525000,2015-01-22,Alm. Salg,30993.0,5.0,Lejlighed,146.0,2016.0,0.0,5000,10.389187,55.39405
"Sdr. Boulevard 194, ST. TH",5000 Odense C,845000,2015-01-21,Alm. Salg,17244.0,2.0,Lejlighed,49.0,1986.0,0.0,5000,10.371939,55.383874
Sdr. Boulevard 14,5000 Odense C,925000,2015-01-21,Alm. Salg,8258.0,5.0,Rækkehus,112.0,1890.0,0.0,5000,10.379056,55.390985
Skibhus Skovly 3,5000 Odense C,3075000,2015-01-20,Alm. Salg,18524.0,6.0,Villa,166.0,2008.0,3.0,5000,10.41008,55.420682
Bastholmvænget 13,5000 Odense C,1225000,2015-01-20,Alm. Salg,14080.0,4.0,Rækkehus,87.0,1958.0,0.0,5000,10.398432,55.422382
"Overgade 68, 3",5000 Odense C,1320000,2015-01-20,Alm. Salg,14666.0,3.0,Lejlighed,90.0,1966.0,-2.0,5000,10.395978,55.398199
"Krudthusgade 1, 1",5000 Odense C,1250000,2015-01-19,Alm. Salg,14705.0,4.0,Lejlighed,85.0,1884.0,-2.0,5000,10.373027,55.394533
Vesterbro 59B,5000 Odense C,1170000,2015-01-17,Alm. Salg,14625.0,3.0,Lejlighed,80.0,1891.0,-6.0,5000,10.374578,55.394355
"Ørstedsgade 41, 1. TH",5000 Odense C,1180000,2015-01-17,Alm. Salg,12826.0,4.0,Lejlighed,92.0,1938.0,-5.0,5000,10.367736,55.398108
"Holmehusvej 70, ST. TH",5000 Odense C,885000,2015-01-16,Alm. Salg,14047.0,2.0,Lejlighed,63.0,1939.0,-11.0,5000,10.407597,55.4093
"Reventlowsvej 54, 1. TV",5000 Odense C,1300000,2015-01-14,Alm. Salg,16049.0,3.0,Lejlighed,81.0,1935.0,-5.0,5000,10.403157,55.392757
Arkonavej 4,5000 Odense C,1335000,2015-01-14,Alm. Salg,15705.0,4.0,Villa,85.0,1948.0,-1.0,5000,10.417432,55.411578
"Hans Tausens Gade 20, 2. TV",5000 Odense C,975000,2015-01-14,Alm. Salg,15000.0,2.0,Lejlighed,65.0,1880.0,-2.0,5000,10.381615,55.399325
"Vestergade 64B, 5",5000 Odense C,5000000,2015-01-14,Alm. Salg,20161.0,3.0,Lejlighed,248.0,1947.0,0.0,5000,10.38378,55.394815
"Hunderupvej 27, 2",5000 Odense C,2100000,2015-01-13,Alm. Salg,18103.0,5.0,Lejlighed,116.0,1895.0,-4.0,5000,10.388696,55.390243
Gerthasminde 15,5000 Odense C,2425000,2015-01-08,Alm. Salg,25797.0,5.0,Rækkehus,94.0,1933.0,-7.0,5000,10.376199,55.391781
"Filosofgangen 11, 1. TH",5000 Odense C,1425000,2015-01-07,Alm. Salg,21923.0,2.0,Lejlighed,65.0,1935.0,-5.0,5000,10.384029,55.393308
"Nørrevoldgade 7, 2. TV",5000 Odense C,875000,2015-01-07,Alm. Salg,11986.0,2.0,Lejlighed,73.0,1935.0,0.0,5000,10.38601,55.408685
"Døckerslundsvej 6, ST",5000 Odense C,1995000,2015-01-07,Alm. Salg,16219.0,3.0,Lejlighed,123.0,1939.0,-5.0,5000,10.397803,55.413265
"Klaregade 27, 2. TV",5000 Odense C,1880000,2015-01-06,Auktion,15409.0,4.0,Lejlighed,122.0,1929.0,0.0,5000,10.38647,55.393432
H.C. Andersens Gade 15,5000 Odense C,3575000,2015-01-06,Alm. Salg,26481.0,4.0,Rækkehus,135.0,1892.0,0.0,5000,10.39189,55.390325
"Døckerslundsvej 2D, 3. TV",5000 Odense C,845000,2015-01-06,Alm. Salg,14568.0,2.0,Lejlighed,58.0,1939.0,0.0,5000,10.397465,55.413738
Vindegade 123,5000 Odense C,3600000,2015-01-03,Alm. Salg,16000.0,9.0,Rækkehus,225.0,1847.0,-1.0,5000,10.37797,55.395166
Victoriagade 30A,5000 Odense C,1975000,2015-01-02,Alm. Salg,13435.0,6.0,Villa,147.0,1933.0,-6.0,5000,10.391075,55.413325
